match_id,team,pre,post,pre_vwap3,post_vwap3,pre_missing_clipped,post_missing_clipped
KXWCADVANCE-26JUN28RSACAN,AR,0.217,0.217,0.21666666666666667,0.21633333333333335,False,False
KXWCADVANCE-26JUN28RSACAN,AT,0.002,0.002,0.0016666666666666668,0.002,False,False
KXWCADVANCE-26JUN28RSACAN,AU,0.002,0.002,0.0016666666666666668,0.0016666666666666668,False,False
KXWCADVANCE-26JUN28RSACAN,BE,0.012,0.012,0.012000000000000002,0.011333333333333334,False,False
KXWCADVANCE-26JUN28RSACAN,BIH,0.01,0.01,0.01,0.01,False,False
KXWCADVANCE-26JUN28RSACAN,BR,0.063,0.061,0.06033333333333333,0.061,False,False
KXWCADVANCE-26JUN28RSACAN,CA,0.002,0.003,0.002,0.0030000000000000005,False,False
KXWCADVANCE-26JUN28RSACAN,CH,0.009,0.009,0.009,0.008666666666666666,False,False
KXWCADVANCE-26JUN28RSACAN,CIV,0.003,0.003,0.0030000000000000005,0.0030000000000000005,False,False
KXWCADVANCE-26JUN28RSACAN,CO,0.025,0.026,0.025000000000000005,0.026,False,False
KXWCADVANCE-26JUN28RSACAN,COD,0.01,0.01,0.01,0.01,False,False
KXWCADVANCE-26JUN28RSACAN,CPV,0.002,0.002,0.002,0.002,False,False
KXWCADVANCE-26JUN28RSACAN,CUW,,0.0,,0.0,True,False
KXWCADVANCE-26JUN28RSACAN,CZE,,0.0,,0.0,True,False
KXWCADVANCE-26JUN28RSACAN,DE,0.037,0.037,0.037,0.03666666666666666,False,False
KXWCADVANCE-26JUN28RSACAN,DZA,0.001,0.001,0.001,0.001,False,False
KXWCADVANCE-26JUN28RSACAN,EC,0.005,0.005,0.005,0.005,False,False
KXWCADVANCE-26JUN28RSACAN,EGY,0.002,0.002,0.002,0.002,False,False
KXWCADVANCE-26JUN28RSACAN,ES,0.104,0.104,0.10433333333333333,0.10366666666666667,False,False
KXWCADVANCE-26JUN28RSACAN,FR,0.245,0.245,0.24633333333333332,0.245,False,False
KXWCADVANCE-26JUN28RSACAN,GB,0.1,0.099,0.10000000000000002,0.09966666666666668,False,False
KXWCADVANCE-26JUN28RSACAN,GH,0.002,0.001,0.002,0.001,False,False
KXWCADVANCE-26JUN28RSACAN,HR,0.003,0.003,0.0030000000000000005,0.0030000000000000005,False,False
KXWCADVANCE-26JUN28RSACAN,HTI,,0.0,,0.0,True,False
KXWCADVANCE-26JUN28RSACAN,IR,0.001,0.0,0.001,0.0,False,False
KXWCADVANCE-26JUN28RSACAN,IRQ,,0.0,,0.0,True,False
KXWCADVANCE-26JUN28RSACAN,JOR,,0.0,,0.0,True,False
KXWCADVANCE-26JUN28RSACAN,JP,0.01,0.01,0.01,0.01,False,False
KXWCADVANCE-26JUN28RSACAN,KR,0.001,0.0,0.001,0.0,False,False
KXWCADVANCE-26JUN28RSACAN,MA,0.013,0.013,0.013,0.012333333333333335,False,False
KXWCADVANCE-26JUN28RSACAN,MX,0.031,0.033,0.031,0.03266666666666667,False,False
KXWCADVANCE-26JUN28RSACAN,NL,0.049,0.06,0.04966666666666667,0.059,False,False
KXWCADVANCE-26JUN28RSACAN,NO,0.022,0.02,0.021666666666666667,0.019666666666666666,False,False
KXWCADVANCE-26JUN28RSACAN,NZL,,0.0,,0.0,True,False
KXWCADVANCE-26JUN28RSACAN,PAN,,0.0,,0.0,True,False
KXWCADVANCE-26JUN28RSACAN,PT,0.061,0.066,0.06,0.066,False,False
KXWCADVANCE-26JUN28RSACAN,PY,0.001,0.001,0.001,0.001,False,False
KXWCADVANCE-26JUN28RSACAN,QAT,,0.0,,0.0,True,False
KXWCADVANCE-26JUN28RSACAN,RSA,0.001,0.001,0.001,0.001,False,False
KXWCADVANCE-26JUN28RSACAN,SA,,0.0,,0.0,True,False
KXWCADVANCE-26JUN28RSACAN,SC,0.001,0.0,0.001,0.0,False,False
KXWCADVANCE-26JUN28RSACAN,SE,0.002,0.001,0.0013333333333333333,0.001,False,False
KXWCADVANCE-26JUN28RSACAN,SN,0.004,0.004,0.004,0.004,False,False
KXWCADVANCE-26JUN28RSACAN,TN,,0.0,,0.0,True,False
KXWCADVANCE-26JUN28RSACAN,TR,,0.0,,0.0,True,False
KXWCADVANCE-26JUN28RSACAN,US,0.036,0.036,0.035333333333333335,0.036,False,False
KXWCADVANCE-26JUN28RSACAN,UY,,0.0,,0.0,True,False
KXWCADVANCE-26JUN28RSACAN,UZB,0.001,0.0,0.001,0.0,False,False
KXWCADVANCE-26JUN29NEDMAR,AR,0.211,0.214,0.21033333333333334,0.21366666666666667,False,False
KXWCADVANCE-26JUN29NEDMAR,AT,0.002,0.002,0.002,0.002,False,False
KXWCADVANCE-26JUN29NEDMAR,AU,0.002,0.002,0.0016666666666666668,0.002,False,False
KXWCADVANCE-26JUN29NEDMAR,BE,0.011,0.012,0.010666666666666666,0.012000000000000002,False,False
KXWCADVANCE-26JUN29NEDMAR,BIH,0.01,0.01,0.01,0.01,False,False
KXWCADVANCE-26JUN29NEDMAR,BR,0.071,0.069,0.071,0.069,False,False
KXWCADVANCE-26JUN29NEDMAR,CA,0.003,0.003,0.0030000000000000005,0.0030000000000000005,False,False
KXWCADVANCE-26JUN29NEDMAR,CH,0.009,0.008,0.009,0.008,False,False
KXWCADVANCE-26JUN29NEDMAR,CIV,0.003,0.003,0.0030000000000000005,0.0030000000000000005,False,False
KXWCADVANCE-26JUN29NEDMAR,CO,0.027,0.028,0.027333333333333334,0.028,False,False
KXWCADVANCE-26JUN29NEDMAR,COD,0.01,0.01,0.01,0.01,False,False
KXWCADVANCE-26JUN29NEDMAR,CPV,0.002,0.002,0.002,0.002,False,False
KXWCADVANCE-26JUN29NEDMAR,CUW,,0.0,,0.0,True,False
KXWCADVANCE-26JUN29NEDMAR,CZE,,0.0,,0.0,True,False
KXWCADVANCE-26JUN29NEDMAR,DE,0.001,0.0,0.026,0.0,False,False
KXWCADVANCE-26JUN29NEDMAR,DZA,0.001,0.001,0.001,0.001,False,False
KXWCADVANCE-26JUN29NEDMAR,EC,0.005,0.005,0.005,0.005,False,False
KXWCADVANCE-26JUN29NEDMAR,EGY,0.002,0.002,0.002,0.002,False,False
KXWCADVANCE-26JUN29NEDMAR,ES,0.109,0.106,0.10766666666666667,0.10666666666666667,False,False
KXWCADVANCE-26JUN29NEDMAR,FR,0.271,0.296,0.25,0.294,False,False
KXWCADVANCE-26JUN29NEDMAR,GB,0.094,0.094,0.09666666666666668,0.09366666666666668,False,False
KXWCADVANCE-26JUN29NEDMAR,GH,0.001,0.001,0.001,0.001,False,False
KXWCADVANCE-26JUN29NEDMAR,HR,0.004,0.004,0.004,0.004,False,False
KXWCADVANCE-26JUN29NEDMAR,HTI,,0.0,,0.0,True,False
KXWCADVANCE-26JUN29NEDMAR,IR,0.001,0.0,0.001,0.0,False,False
KXWCADVANCE-26JUN29NEDMAR,IRQ,,0.0,,0.0,True,False
KXWCADVANCE-26JUN29NEDMAR,JOR,,0.0,,0.0,True,False
KXWCADVANCE-26JUN29NEDMAR,JP,0.001,0.0,0.008333333333333333,0.0,False,False
KXWCADVANCE-26JUN29NEDMAR,KR,0.001,0.0,0.001,0.0,False,False
KXWCADVANCE-26JUN29NEDMAR,MA,0.014,0.04,0.013333333333333334,0.03966666666666666,False,False
KXWCADVANCE-26JUN29NEDMAR,MX,0.033,0.033,0.032,0.03266666666666667,False,False
KXWCADVANCE-26JUN29NEDMAR,NL,0.061,0.001,0.054333333333333324,0.001,False,False
KXWCADVANCE-26JUN29NEDMAR,NO,0.02,0.02,0.01933333333333333,0.020666666666666667,False,False
KXWCADVANCE-26JUN29NEDMAR,NZL,,0.0,,0.0,True,False
KXWCADVANCE-26JUN29NEDMAR,PAN,,0.0,,0.0,True,False
KXWCADVANCE-26JUN29NEDMAR,PT,0.071,0.068,0.06633333333333334,0.06766666666666667,False,False
KXWCADVANCE-26JUN29NEDMAR,PY,0.004,0.004,0.002,0.004,False,False
KXWCADVANCE-26JUN29NEDMAR,QAT,,0.0,,0.0,True,False
KXWCADVANCE-26JUN29NEDMAR,RSA,0.001,0.0,0.001,0.0,False,False
KXWCADVANCE-26JUN29NEDMAR,SA,,0.0,,0.0,True,False
KXWCADVANCE-26JUN29NEDMAR,SC,0.001,0.0,0.001,0.0,False,False
KXWCADVANCE-26JUN29NEDMAR,SE,0.002,0.002,0.0013333333333333333,0.002,False,False
KXWCADVANCE-26JUN29NEDMAR,SN,0.004,0.004,0.004,0.004,False,False
KXWCADVANCE-26JUN29NEDMAR,TN,,0.0,,0.0,True,False
KXWCADVANCE-26JUN29NEDMAR,TR,,0.0,,0.0,True,False
KXWCADVANCE-26JUN29NEDMAR,US,0.039,0.042,0.037,0.041,False,False
KXWCADVANCE-26JUN29NEDMAR,UY,,0.0,,0.0,True,False
KXWCADVANCE-26JUN29NEDMAR,UZB,0.001,0.0,0.001,0.0,False,False
KXWCADVANCE-26JUN29GERPAR,AR,0.216,0.211,0.21566666666666667,0.21033333333333334,False,False
KXWCADVANCE-26JUN29GERPAR,AT,0.002,0.002,0.002,0.002,False,False
KXWCADVANCE-26JUN29GERPAR,AU,0.001,0.002,0.0016666666666666668,0.002,False,False
KXWCADVANCE-26JUN29GERPAR,BE,0.011,0.011,0.011000000000000001,0.011000000000000001,False,False
KXWCADVANCE-26JUN29GERPAR,BIH,0.01,0.01,0.01,0.01,False,False
KXWCADVANCE-26JUN29GERPAR,BR,0.085,0.071,0.059666666666666666,0.07133333333333332,False,False
KXWCADVANCE-26JUN29GERPAR,CA,0.002,0.003,0.0026666666666666666,0.0030000000000000005,False,False
KXWCADVANCE-26JUN29GERPAR,CH,0.009,0.009,0.009,0.009,False,False
KXWCADVANCE-26JUN29GERPAR,CIV,0.003,0.003,0.0030000000000000005,0.0030000000000000005,False,False
KXWCADVANCE-26JUN29GERPAR,CO,0.029,0.027,0.028666666666666663,0.02766666666666667,False,False
KXWCADVANCE-26JUN29GERPAR,COD,0.01,0.01,0.01,0.01,False,False
KXWCADVANCE-26JUN29GERPAR,CPV,0.002,0.002,0.002,0.002,False,False
KXWCADVANCE-26JUN29GERPAR,CUW,,0.0,,0.0,True,False
KXWCADVANCE-26JUN29GERPAR,CZE,,0.0,,0.0,True,False
KXWCADVANCE-26JUN29GERPAR,DE,0.039,0.001,0.03933333333333333,0.001,False,False
KXWCADVANCE-26JUN29GERPAR,DZA,0.001,0.001,0.001,0.001,False,False
KXWCADVANCE-26JUN29GERPAR,EC,0.005,0.005,0.005,0.005,False,False
KXWCADVANCE-26JUN29GERPAR,EGY,0.002,0.002,0.002,0.002,False,False
KXWCADVANCE-26JUN29GERPAR,ES,0.103,0.109,0.10366666666666667,0.10833333333333334,False,False
KXWCADVANCE-26JUN29GERPAR,FR,0.243,0.271,0.23966666666666667,0.267,False,False
KXWCADVANCE-26JUN29GERPAR,GB,0.1,0.094,0.09966666666666668,0.09433333333333334,False,False
KXWCADVANCE-26JUN29GERPAR,GH,0.001,0.001,0.001,0.001,False,False
KXWCADVANCE-26JUN29GERPAR,HR,0.004,0.004,0.004,0.004,False,False
KXWCADVANCE-26JUN29GERPAR,HTI,,0.0,,0.0,True,False
KXWCADVANCE-26JUN29GERPAR,IR,0.001,0.0,0.001,0.0,False,False
KXWCADVANCE-26JUN29GERPAR,IRQ,,0.0,,0.0,True,False
KXWCADVANCE-26JUN29GERPAR,JOR,,0.0,,0.0,True,False
KXWCADVANCE-26JUN29GERPAR,JP,0.001,0.0,0.011666666666666667,0.0,False,False
KXWCADVANCE-26JUN29GERPAR,KR,0.001,0.0,0.001,0.0,False,False
KXWCADVANCE-26JUN29GERPAR,MA,0.013,0.014,0.012333333333333333,0.016,False,False
KXWCADVANCE-26JUN29GERPAR,MX,0.033,0.033,0.03,0.033,False,False
KXWCADVANCE-26JUN29GERPAR,NL,0.056,0.061,0.05466666666666667,0.05933333333333333,False,False
KXWCADVANCE-26JUN29GERPAR,NO,0.02,0.02,0.021333333333333333,0.019666666666666666,False,False
KXWCADVANCE-26JUN29GERPAR,NZL,,0.0,,0.0,True,False
KXWCADVANCE-26JUN29GERPAR,PAN,,0.0,,0.0,True,False
KXWCADVANCE-26JUN29GERPAR,PT,0.066,0.071,0.06466666666666666,0.06966666666666667,False,False
KXWCADVANCE-26JUN29GERPAR,PY,0.001,0.004,0.001,0.0033333333333333335,False,False
KXWCADVANCE-26JUN29GERPAR,QAT,,0.0,,0.0,True,False
KXWCADVANCE-26JUN29GERPAR,RSA,0.001,0.0,0.001,0.0,False,False
KXWCADVANCE-26JUN29GERPAR,SA,,0.0,,0.0,True,False
KXWCADVANCE-26JUN29GERPAR,SC,0.001,0.0,0.001,0.0,False,False
KXWCADVANCE-26JUN29GERPAR,SE,0.001,0.002,0.001,0.002,False,False
KXWCADVANCE-26JUN29GERPAR,SN,0.004,0.004,0.004,0.004,False,False
KXWCADVANCE-26JUN29GERPAR,TN,,0.0,,0.0,True,False
KXWCADVANCE-26JUN29GERPAR,TR,,0.0,,0.0,True,False
KXWCADVANCE-26JUN29GERPAR,US,0.036,0.039,0.036,0.03866666666666666,False,False
KXWCADVANCE-26JUN29GERPAR,UY,,0.0,,0.0,True,False
KXWCADVANCE-26JUN29GERPAR,UZB,0.001,0.0,0.001,0.0,False,False
KXWCADVANCE-26JUN29BRAJPN,AR,0.214,0.201,0.214,0.20833333333333334,False,False
KXWCADVANCE-26JUN29BRAJPN,AT,0.002,0.001,0.002,0.0016666666666666668,False,False
KXWCADVANCE-26JUN29BRAJPN,AU,0.002,0.002,0.002,0.0016666666666666668,False,False
KXWCADVANCE-26JUN29BRAJPN,BE,0.011,0.01,0.010666666666666666,0.010333333333333333,False,False
KXWCADVANCE-26JUN29BRAJPN,BIH,0.01,0.01,0.01,0.01,False,False
KXWCADVANCE-26JUN29BRAJPN,BR,0.06,0.077,0.06,0.073,False,False
KXWCADVANCE-26JUN29BRAJPN,CA,0.003,0.003,0.0030000000000000005,0.0030000000000000005,False,False
KXWCADVANCE-26JUN29BRAJPN,CH,0.009,0.009,0.009,0.009,False,False
KXWCADVANCE-26JUN29BRAJPN,CIV,0.003,0.003,0.0030000000000000005,0.0030000000000000005,False,False
KXWCADVANCE-26JUN29BRAJPN,CO,0.026,0.029,0.026,0.02766666666666667,False,False
KXWCADVANCE-26JUN29BRAJPN,COD,0.01,0.01,0.01,0.01,False,False
KXWCADVANCE-26JUN29BRAJPN,CPV,0.001,0.002,0.0016666666666666668,0.002,False,False
KXWCADVANCE-26JUN29BRAJPN,CUW,,0.0,,0.0,True,False
KXWCADVANCE-26JUN29BRAJPN,CZE,,0.0,,0.0,True,False
KXWCADVANCE-26JUN29BRAJPN,DE,0.037,0.044,0.037,0.043666666666666666,False,False
KXWCADVANCE-26JUN29BRAJPN,DZA,0.001,0.001,0.001,0.001,False,False
KXWCADVANCE-26JUN29BRAJPN,EC,0.005,0.005,0.005,0.005,False,False
KXWCADVANCE-26JUN29BRAJPN,EGY,0.002,0.002,0.002,0.002,False,False
KXWCADVANCE-26JUN29BRAJPN,ES,0.104,0.104,0.10366666666666667,0.105,False,False
KXWCADVANCE-26JUN29BRAJPN,FR,0.24,0.239,0.24,0.239,False,False
KXWCADVANCE-26JUN29BRAJPN,GB,0.1,0.099,0.10000000000000002,0.09900000000000002,False,False
KXWCADVANCE-26JUN29BRAJPN,GH,0.001,0.001,0.001,0.001,False,False
KXWCADVANCE-26JUN29BRAJPN,HR,0.004,0.004,0.004333333333333334,0.004,False,False
KXWCADVANCE-26JUN29BRAJPN,HTI,,0.0,,0.0,True,False
KXWCADVANCE-26JUN29BRAJPN,IR,0.001,0.0,0.001,0.0,False,False
KXWCADVANCE-26JUN29BRAJPN,IRQ,,0.0,,0.0,True,False
KXWCADVANCE-26JUN29BRAJPN,JOR,,0.0,,0.0,True,False
KXWCADVANCE-26JUN29BRAJPN,JP,0.009,0.001,0.009,0.001,False,False
KXWCADVANCE-26JUN29BRAJPN,KR,0.001,0.0,0.001,0.0,False,False
KXWCADVANCE-26JUN29BRAJPN,MA,0.012,0.012,0.012000000000000002,0.012666666666666666,False,False
KXWCADVANCE-26JUN29BRAJPN,MX,0.031,0.031,0.030666666666666665,0.030666666666666665,False,False
KXWCADVANCE-26JUN29BRAJPN,NL,0.05,0.053,0.05000000000000001,0.052333333333333336,False,False
KXWCADVANCE-26JUN29BRAJPN,NO,0.018,0.018,0.018666666666666665,0.01833333333333333,False,False
KXWCADVANCE-26JUN29BRAJPN,NZL,,0.0,,0.0,True,False
KXWCADVANCE-26JUN29BRAJPN,PAN,,0.0,,0.0,True,False
KXWCADVANCE-26JUN29BRAJPN,PT,0.062,0.066,0.062,0.06533333333333334,False,False
KXWCADVANCE-26JUN29BRAJPN,PY,0.001,0.001,0.001,0.001,False,False
KXWCADVANCE-26JUN29BRAJPN,QAT,,0.0,,0.0,True,False
KXWCADVANCE-26JUN29BRAJPN,RSA,0.001,0.0,0.001,0.0,False,False
KXWCADVANCE-26JUN29BRAJPN,SA,,0.0,,0.0,True,False
KXWCADVANCE-26JUN29BRAJPN,SC,0.001,0.0,0.001,0.0,False,False
KXWCADVANCE-26JUN29BRAJPN,SE,0.001,0.001,0.001,0.001,False,False
KXWCADVANCE-26JUN29BRAJPN,SN,0.004,0.004,0.004,0.004,False,False
KXWCADVANCE-26JUN29BRAJPN,TN,,0.0,,0.0,True,False
KXWCADVANCE-26JUN29BRAJPN,TR,,0.0,,0.0,True,False
KXWCADVANCE-26JUN29BRAJPN,US,0.036,0.036,0.03566666666666667,0.036,False,False
KXWCADVANCE-26JUN29BRAJPN,UY,,0.0,,0.0,True,False
KXWCADVANCE-26JUN29BRAJPN,UZB,0.001,0.0,0.001,0.0,False,False
KXWCADVANCE-26JUN30MEXECU,AR,0.187,0.192,0.19999999999999998,0.19166666666666665,False,False
KXWCADVANCE-26JUN30MEXECU,AT,0.002,0.002,0.002,0.002,False,False
KXWCADVANCE-26JUN30MEXECU,AU,0.002,0.002,0.002,0.002,False,False
KXWCADVANCE-26JUN30MEXECU,BE,0.01,0.009,0.010333333333333333,0.008666666666666666,False,False
KXWCADVANCE-26JUN30MEXECU,BIH,0.01,0.01,0.01,0.01,False,False
KXWCADVANCE-26JUN30MEXECU,BR,0.067,0.066,0.07033333333333333,0.06566666666666666,False,False
KXWCADVANCE-26JUN30MEXECU,CA,0.003,0.003,0.0033333333333333335,0.0030000000000000005,False,False
KXWCADVANCE-26JUN30MEXECU,CH,0.008,0.007,0.008,0.007,False,False
KXWCADVANCE-26JUN30MEXECU,CIV,0.001,0.0,0.002,0.0,False,False
KXWCADVANCE-26JUN30MEXECU,CO,0.029,0.028,0.02866666666666667,0.028,False,False
KXWCADVANCE-26JUN30MEXECU,COD,0.01,0.01,0.01,0.01,False,False
KXWCADVANCE-26JUN30MEXECU,CPV,0.002,0.002,0.002,0.002,False,False
KXWCADVANCE-26JUN30MEXECU,CUW,,0.0,,0.0,True,False
KXWCADVANCE-26JUN30MEXECU,CZE,,0.0,,0.0,True,False
KXWCADVANCE-26JUN30MEXECU,DE,0.001,0.0,0.011333333333333334,0.0,False,False
KXWCADVANCE-26JUN30MEXECU,DZA,0.002,0.002,0.002,0.002,False,False
KXWCADVANCE-26JUN30MEXECU,EC,0.005,0.001,0.005,0.001,False,False
KXWCADVANCE-26JUN30MEXECU,EGY,0.002,0.002,0.0016666666666666668,0.002,False,False
KXWCADVANCE-26JUN30MEXECU,ES,0.107,0.093,0.107,0.09233333333333334,False,False
KXWCADVANCE-26JUN30MEXECU,FR,0.337,0.347,0.31433333333333335,0.347,False,False
KXWCADVANCE-26JUN30MEXECU,GB,0.093,0.083,0.09366666666666668,0.083,False,False
KXWCADVANCE-26JUN30MEXECU,GH,0.002,0.002,0.002,0.002,False,False
KXWCADVANCE-26JUN30MEXECU,HR,0.004,0.003,0.004,0.0030000000000000005,False,False
KXWCADVANCE-26JUN30MEXECU,HTI,,0.0,,0.0,True,False
KXWCADVANCE-26JUN30MEXECU,IR,0.001,0.0,0.001,0.0,False,False
KXWCADVANCE-26JUN30MEXECU,IRQ,,0.0,,0.0,True,False
KXWCADVANCE-26JUN30MEXECU,JOR,,0.0,,0.0,True,False
KXWCADVANCE-26JUN30MEXECU,JP,0.001,0.0,0.008333333333333333,0.0,False,False
KXWCADVANCE-26JUN30MEXECU,KR,0.001,0.0,0.001,0.0,False,False
KXWCADVANCE-26JUN30MEXECU,MA,0.035,0.031,0.03666666666666667,0.03166666666666667,False,False
KXWCADVANCE-26JUN30MEXECU,MX,0.035,0.051,0.03333333333333333,0.04766666666666666,False,False
KXWCADVANCE-26JUN30MEXECU,NL,0.001,0.0,0.019,0.0,False,False
KXWCADVANCE-26JUN30MEXECU,NO,0.02,0.019,0.023000000000000003,0.019,False,False
KXWCADVANCE-26JUN30MEXECU,NZL,,0.0,,0.0,True,False
KXWCADVANCE-26JUN30MEXECU,PAN,,0.0,,0.0,True,False
KXWCADVANCE-26JUN30MEXECU,PT,0.056,0.064,0.06333333333333334,0.064,False,False
KXWCADVANCE-26JUN30MEXECU,PY,0.004,0.003,0.004,0.0030000000000000005,False,False
KXWCADVANCE-26JUN30MEXECU,QAT,,0.0,,0.0,True,False
KXWCADVANCE-26JUN30MEXECU,RSA,0.001,0.0,0.001,0.0,False,False
KXWCADVANCE-26JUN30MEXECU,SA,,0.0,,0.0,True,False
KXWCADVANCE-26JUN30MEXECU,SC,0.001,0.0,0.001,0.0,False,False
KXWCADVANCE-26JUN30MEXECU,SE,0.001,0.0,0.0016666666666666668,0.0,False,False
KXWCADVANCE-26JUN30MEXECU,SN,0.004,0.004,0.004,0.004,False,False
KXWCADVANCE-26JUN30MEXECU,TN,,0.0,,0.0,True,False
KXWCADVANCE-26JUN30MEXECU,TR,,0.0,,0.0,True,False
KXWCADVANCE-26JUN30MEXECU,US,0.036,0.041,0.03866666666666666,0.04133333333333333,False,False
KXWCADVANCE-26JUN30MEXECU,UY,,0.0,,0.0,True,False
KXWCADVANCE-26JUN30MEXECU,UZB,0.001,0.0,0.001,0.0,False,False
KXWCADVANCE-26JUN30FRASWE,AR,0.212,0.192,0.212,0.19233333333333333,False,False
KXWCADVANCE-26JUN30FRASWE,AT,0.002,0.002,0.002,0.002,False,False
KXWCADVANCE-26JUN30FRASWE,AU,0.002,0.002,0.002,0.002,False,False
KXWCADVANCE-26JUN30FRASWE,BE,0.011,0.009,0.011000000000000001,0.008666666666666668,False,False
KXWCADVANCE-26JUN30FRASWE,BIH,0.01,0.01,0.01,0.01,False,False
KXWCADVANCE-26JUN30FRASWE,BR,0.074,0.067,0.074,0.067,False,False
KXWCADVANCE-26JUN30FRASWE,CA,0.003,0.003,0.0033333333333333335,0.0030000000000000005,False,False
KXWCADVANCE-26JUN30FRASWE,CH,0.008,0.008,0.008,0.007666666666666666,False,False
KXWCADVANCE-26JUN30FRASWE,CIV,0.001,0.0,0.002,0.0,False,False
KXWCADVANCE-26JUN30FRASWE,CO,0.029,0.029,0.029666666666666664,0.028,False,False
KXWCADVANCE-26JUN30FRASWE,COD,0.01,0.01,0.01,0.01,False,False
KXWCADVANCE-26JUN30FRASWE,CPV,0.002,0.001,0.002,0.0013333333333333333,False,False
KXWCADVANCE-26JUN30FRASWE,CUW,,0.0,,0.0,True,False
KXWCADVANCE-26JUN30FRASWE,CZE,,0.0,,0.0,True,False
KXWCADVANCE-26JUN30FRASWE,DE,0.001,0.0,0.011333333333333334,0.0,False,False
KXWCADVANCE-26JUN30FRASWE,DZA,0.002,0.002,0.002,0.002,False,False
KXWCADVANCE-26JUN30FRASWE,EC,0.005,0.005,0.005,0.005,False,False
KXWCADVANCE-26JUN30FRASWE,EGY,0.002,0.002,0.002,0.002,False,False
KXWCADVANCE-26JUN30FRASWE,ES,0.107,0.105,0.10666666666666667,0.10100000000000002,False,False
KXWCADVANCE-26JUN30FRASWE,FR,0.286,0.339,0.2866666666666666,0.339,False,False
KXWCADVANCE-26JUN30FRASWE,GB,0.094,0.094,0.09400000000000001,0.09166666666666667,False,False
KXWCADVANCE-26JUN30FRASWE,GH,0.002,0.002,0.002,0.0013333333333333333,False,False
KXWCADVANCE-26JUN30FRASWE,HR,0.004,0.004,0.004,0.0033333333333333335,False,False
KXWCADVANCE-26JUN30FRASWE,HTI,,0.0,,0.0,True,False
KXWCADVANCE-26JUN30FRASWE,IR,0.001,0.0,0.001,0.0,False,False
KXWCADVANCE-26JUN30FRASWE,IRQ,,0.0,,0.0,True,False
KXWCADVANCE-26JUN30FRASWE,JOR,,0.0,,0.0,True,False
KXWCADVANCE-26JUN30FRASWE,JP,0.001,0.0,0.008333333333333333,0.0,False,False
KXWCADVANCE-26JUN30FRASWE,KR,0.001,0.0,0.001,0.0,False,False
KXWCADVANCE-26JUN30FRASWE,MA,0.039,0.032,0.03866666666666666,0.032,False,False
KXWCADVANCE-26JUN30FRASWE,MX,0.03,0.037,0.029666666666666664,0.035333333333333335,False,False
KXWCADVANCE-26JUN30FRASWE,NL,0.001,0.0,0.019,0.0,False,False
KXWCADVANCE-26JUN30FRASWE,NO,0.03,0.022,0.02766666666666667,0.021333333333333333,False,False
KXWCADVANCE-26JUN30FRASWE,NZL,,0.0,,0.0,True,False
KXWCADVANCE-26JUN30FRASWE,PAN,,0.0,,0.0,True,False
KXWCADVANCE-26JUN30FRASWE,PT,0.067,0.062,0.06666666666666667,0.06333333333333334,False,False
KXWCADVANCE-26JUN30FRASWE,PY,0.004,0.004,0.004,0.004,False,False
KXWCADVANCE-26JUN30FRASWE,QAT,,0.0,,0.0,True,False
KXWCADVANCE-26JUN30FRASWE,RSA,0.001,0.0,0.001,0.0,False,False
KXWCADVANCE-26JUN30FRASWE,SA,,0.0,,0.0,True,False
KXWCADVANCE-26JUN30FRASWE,SC,0.001,0.0,0.001,0.0,False,False
KXWCADVANCE-26JUN30FRASWE,SE,0.003,0.001,0.0030000000000000005,0.001,False,False
KXWCADVANCE-26JUN30FRASWE,SN,0.004,0.004,0.004,0.004,False,False
KXWCADVANCE-26JUN30FRASWE,TN,,0.0,,0.0,True,False
KXWCADVANCE-26JUN30FRASWE,TR,,0.0,,0.0,True,False
KXWCADVANCE-26JUN30FRASWE,US,0.038,0.039,0.03866666666666666,0.03933333333333333,False,False
KXWCADVANCE-26JUN30FRASWE,UY,,0.0,,0.0,True,False
KXWCADVANCE-26JUN30FRASWE,UZB,0.001,0.0,0.001,0.0,False,False
KXWCADVANCE-26JUN30CIVNOR,AR,0.212,0.199,0.21233333333333335,0.204,False,False
KXWCADVANCE-26JUN30CIVNOR,AT,0.002,0.002,0.002,0.002,False,False
KXWCADVANCE-26JUN30CIVNOR,AU,0.002,0.002,0.0016666666666666668,0.002,False,False
KXWCADVANCE-26JUN30CIVNOR,BE,0.012,0.011,0.012000000000000002,0.010666666666666666,False,False
KXWCADVANCE-26JUN30CIVNOR,BIH,0.01,0.01,0.01,0.01,False,False
KXWCADVANCE-26JUN30CIVNOR,BR,0.07,0.071,0.069,0.07166666666666666,False,False
KXWCADVANCE-26JUN30CIVNOR,CA,0.004,0.003,0.0036666666666666666,0.0033333333333333335,False,False
KXWCADVANCE-26JUN30CIVNOR,CH,0.008,0.008,0.008,0.008,False,False
KXWCADVANCE-26JUN30CIVNOR,CIV,0.003,0.0,0.0026666666666666666,0.0,False,False
KXWCADVANCE-26JUN30CIVNOR,CO,0.028,0.029,0.028333333333333335,0.02866666666666667,False,False
KXWCADVANCE-26JUN30CIVNOR,COD,0.01,0.01,0.01,0.01,False,False
KXWCADVANCE-26JUN30CIVNOR,CPV,0.002,0.002,0.002,0.002,False,False
KXWCADVANCE-26JUN30CIVNOR,CUW,,0.0,,0.0,True,False
KXWCADVANCE-26JUN30CIVNOR,CZE,,0.0,,0.0,True,False
KXWCADVANCE-26JUN30CIVNOR,DE,0.001,0.0,0.011333333333333334,0.0,False,False
KXWCADVANCE-26JUN30CIVNOR,DZA,0.002,0.002,0.002,0.002,False,False
KXWCADVANCE-26JUN30CIVNOR,EC,0.005,0.005,0.005,0.005,False,False
KXWCADVANCE-26JUN30CIVNOR,EGY,0.002,0.002,0.002,0.0016666666666666668,False,False
KXWCADVANCE-26JUN30CIVNOR,ES,0.107,0.107,0.107,0.107,False,False
KXWCADVANCE-26JUN30CIVNOR,FR,0.291,0.291,0.2913333333333333,0.299,False,False
KXWCADVANCE-26JUN30CIVNOR,GB,0.094,0.093,0.09400000000000001,0.09366666666666668,False,False
KXWCADVANCE-26JUN30CIVNOR,GH,0.001,0.002,0.001,0.002,False,False
KXWCADVANCE-26JUN30CIVNOR,HR,0.004,0.004,0.004,0.004,False,False
KXWCADVANCE-26JUN30CIVNOR,HTI,,0.0,,0.0,True,False
KXWCADVANCE-26JUN30CIVNOR,IR,0.001,0.0,0.001,0.0,False,False
KXWCADVANCE-26JUN30CIVNOR,IRQ,,0.0,,0.0,True,False
KXWCADVANCE-26JUN30CIVNOR,JOR,,0.0,,0.0,True,False
KXWCADVANCE-26JUN30CIVNOR,JP,0.001,0.0,0.008333333333333333,0.0,False,False
KXWCADVANCE-26JUN30CIVNOR,KR,0.001,0.0,0.001,0.0,False,False
KXWCADVANCE-26JUN30CIVNOR,MA,0.038,0.038,0.03866666666666666,0.03766666666666666,False,False
KXWCADVANCE-26JUN30CIVNOR,MX,0.033,0.033,0.03133333333333333,0.03266666666666667,False,False
KXWCADVANCE-26JUN30CIVNOR,NL,0.001,0.0,0.019,0.0,False,False
KXWCADVANCE-26JUN30CIVNOR,NO,0.021,0.026,0.021,0.025000000000000005,False,False
KXWCADVANCE-26JUN30CIVNOR,NZL,,0.0,,0.0,True,False
KXWCADVANCE-26JUN30CIVNOR,PAN,,0.0,,0.0,True,False
KXWCADVANCE-26JUN30CIVNOR,PT,0.067,0.067,0.06733333333333334,0.067,False,False
KXWCADVANCE-26JUN30CIVNOR,PY,0.004,0.004,0.004,0.004,False,False
KXWCADVANCE-26JUN30CIVNOR,QAT,,0.0,,0.0,True,False
KXWCADVANCE-26JUN30CIVNOR,RSA,0.001,0.0,0.001,0.0,False,False
KXWCADVANCE-26JUN30CIVNOR,SA,,0.0,,0.0,True,False
KXWCADVANCE-26JUN30CIVNOR,SC,0.001,0.0,0.001,0.0,False,False
KXWCADVANCE-26JUN30CIVNOR,SE,0.002,0.003,0.002,0.0023333333333333335,False,False
KXWCADVANCE-26JUN30CIVNOR,SN,0.004,0.004,0.004,0.004,False,False
KXWCADVANCE-26JUN30CIVNOR,TN,,0.0,,0.0,True,False
KXWCADVANCE-26JUN30CIVNOR,TR,,0.0,,0.0,True,False
KXWCADVANCE-26JUN30CIVNOR,US,0.04,0.04,0.03966666666666666,0.04,False,False
KXWCADVANCE-26JUN30CIVNOR,UY,,0.0,,0.0,True,False
KXWCADVANCE-26JUN30CIVNOR,UZB,0.001,0.0,0.001,0.0,False,False
KXWCADVANCE-26JUL01USABIH,AR,0.19,0.191,0.18766666666666665,0.19266666666666668,False,False
KXWCADVANCE-26JUL01USABIH,AT,0.002,0.002,0.002,0.002,False,False
KXWCADVANCE-26JUL01USABIH,AU,0.001,0.002,0.0016666666666666668,0.002,False,False
KXWCADVANCE-26JUL01USABIH,BE,0.015,0.014,0.010333333333333333,0.014666666666666666,False,False
KXWCADVANCE-26JUL01USABIH,BIH,0.01,0.01,0.01,0.01,False,False
KXWCADVANCE-26JUL01USABIH,BR,0.065,0.066,0.06633333333333334,0.06433333333333334,False,False
KXWCADVANCE-26JUL01USABIH,CA,0.003,0.003,0.0026666666666666666,0.0030000000000000005,False,False
KXWCADVANCE-26JUL01USABIH,CH,0.007,0.007,0.007,0.006666666666666667,False,False
KXWCADVANCE-26JUL01USABIH,CIV,0.001,0.0,0.002,0.0,False,False
KXWCADVANCE-26JUL01USABIH,CO,0.026,0.026,0.024999999999999998,0.026333333333333334,False,False
KXWCADVANCE-26JUL01USABIH,COD,0.01,0.0,0.01,0.0,False,False
KXWCADVANCE-26JUL01USABIH,CPV,0.002,0.002,0.002,0.002,False,False
KXWCADVANCE-26JUL01USABIH,CUW,,0.0,,0.0,True,False
KXWCADVANCE-26JUL01USABIH,CZE,,0.0,,0.0,True,False
KXWCADVANCE-26JUL01USABIH,DE,0.001,0.0,0.011333333333333334,0.0,False,False
KXWCADVANCE-26JUL01USABIH,DZA,0.001,0.002,0.0016666666666666668,0.0013333333333333333,False,False
KXWCADVANCE-26JUL01USABIH,EC,0.001,0.0,0.001,0.0,False,False
KXWCADVANCE-26JUL01USABIH,EGY,0.002,0.002,0.002,0.002,False,False
KXWCADVANCE-26JUL01USABIH,ES,0.093,0.1,0.09300000000000001,0.09933333333333334,False,False
KXWCADVANCE-26JUL01USABIH,FR,0.343,0.351,0.3446666666666667,0.353,False,False
KXWCADVANCE-26JUL01USABIH,GB,0.087,0.079,0.08900000000000001,0.08066666666666666,False,False
KXWCADVANCE-26JUL01USABIH,GH,0.002,0.002,0.002,0.002,False,False
KXWCADVANCE-26JUL01USABIH,HR,0.004,0.004,0.004,0.004,False,False
KXWCADVANCE-26JUL01USABIH,HTI,,0.0,,0.0,True,False
KXWCADVANCE-26JUL01USABIH,IR,0.001,0.0,0.001,0.0,False,False
KXWCADVANCE-26JUL01USABIH,IRQ,,0.0,,0.0,True,False
KXWCADVANCE-26JUL01USABIH,JOR,,0.0,,0.0,True,False
KXWCADVANCE-26JUL01USABIH,JP,0.001,0.0,0.008333333333333333,0.0,False,False
KXWCADVANCE-26JUL01USABIH,KR,0.001,0.0,0.001,0.0,False,False
KXWCADVANCE-26JUL01USABIH,MA,0.025,0.025,0.025000000000000005,0.025000000000000005,False,False
KXWCADVANCE-26JUL01USABIH,MX,0.048,0.054,0.04766666666666667,0.05366666666666667,False,False
KXWCADVANCE-26JUL01USABIH,NL,0.001,0.0,0.019,0.0,False,False
KXWCADVANCE-26JUL01USABIH,NO,0.02,0.02,0.02,0.018666666666666668,False,False
KXWCADVANCE-26JUL01USABIH,NZL,,0.0,,0.0,True,False
KXWCADVANCE-26JUL01USABIH,PAN,,0.0,,0.0,True,False
KXWCADVANCE-26JUL01USABIH,PT,0.067,0.061,0.06633333333333334,0.06166666666666667,False,False
KXWCADVANCE-26JUL01USABIH,PY,0.002,0.003,0.0026666666666666666,0.0026666666666666666,False,False
KXWCADVANCE-26JUL01USABIH,QAT,,0.0,,0.0,True,False
KXWCADVANCE-26JUL01USABIH,RSA,0.001,0.0,0.001,0.0,False,False
KXWCADVANCE-26JUL01USABIH,SA,,0.0,,0.0,True,False
KXWCADVANCE-26JUL01USABIH,SC,0.001,0.0,0.001,0.0,False,False
KXWCADVANCE-26JUL01USABIH,SE,0.001,0.0,0.001,0.0,False,False
KXWCADVANCE-26JUL01USABIH,SN,0.001,0.0,0.005333333333333333,0.0,False,False
KXWCADVANCE-26JUL01USABIH,TN,,0.0,,0.0,True,False
KXWCADVANCE-26JUL01USABIH,TR,,0.0,,0.0,True,False
KXWCADVANCE-26JUL01USABIH,US,0.042,0.045,0.04133333333333333,0.044000000000000004,False,False
KXWCADVANCE-26JUL01USABIH,UY,,0.0,,0.0,True,False
KXWCADVANCE-26JUL01USABIH,UZB,0.001,0.0,0.001,0.0,False,False
KXWCADVANCE-26JUL01BELSEN,AR,0.195,0.18,0.20133333333333336,0.181,False,False
KXWCADVANCE-26JUL01BELSEN,AT,0.002,0.002,0.002,0.0015,False,False
KXWCADVANCE-26JUL01BELSEN,AU,0.002,0.002,0.002,0.002,False,False
KXWCADVANCE-26JUL01BELSEN,BE,0.012,0.014,0.012000000000000002,0.014499999999999999,False,False
KXWCADVANCE-26JUL01BELSEN,BIH,0.01,0.01,0.01,0.01,False,False
KXWCADVANCE-26JUL01BELSEN,BR,0.073,0.062,0.07,0.064,False,False
KXWCADVANCE-26JUL01BELSEN,CA,0.003,0.003,0.0030000000000000005,0.003,False,False
KXWCADVANCE-26JUL01BELSEN,CH,0.007,0.007,0.007,0.007,False,False
KXWCADVANCE-26JUL01BELSEN,CIV,0.001,0.0,0.002,0.0,False,False
KXWCADVANCE-26JUL01BELSEN,CO,0.026,0.026,0.02666666666666667,0.026,False,False
KXWCADVANCE-26JUL01BELSEN,COD,0.01,0.0,0.01,0.0,False,False
KXWCADVANCE-26JUL01BELSEN,CPV,0.002,0.002,0.002,0.002,False,False
KXWCADVANCE-26JUL01BELSEN,CUW,,0.0,,0.0,True,False
KXWCADVANCE-26JUL01BELSEN,CZE,,0.0,,0.0,True,False
KXWCADVANCE-26JUL01BELSEN,DE,0.001,0.0,0.011333333333333334,0.0,False,False
KXWCADVANCE-26JUL01BELSEN,DZA,0.002,0.001,0.002,0.0015,False,False
KXWCADVANCE-26JUL01BELSEN,EC,0.001,0.0,0.001,0.0,False,False
KXWCADVANCE-26JUL01BELSEN,EGY,0.002,0.002,0.002,0.002,False,False
KXWCADVANCE-26JUL01BELSEN,ES,0.098,0.093,0.09933333333333334,0.093,False,False
KXWCADVANCE-26JUL01BELSEN,FR,0.345,0.351,0.3423333333333333,0.3505,False,False
KXWCADVANCE-26JUL01BELSEN,GB,0.101,0.086,0.084,0.08199999999999999,False,False
KXWCADVANCE-26JUL01BELSEN,GH,0.002,0.002,0.002,0.002,False,False
KXWCADVANCE-26JUL01BELSEN,HR,0.004,0.003,0.0033333333333333335,0.003,False,False
KXWCADVANCE-26JUL01BELSEN,HTI,,0.0,,0.0,True,False
KXWCADVANCE-26JUL01BELSEN,IR,0.001,0.0,0.001,0.0,False,False
KXWCADVANCE-26JUL01BELSEN,IRQ,,0.0,,0.0,True,False
KXWCADVANCE-26JUL01BELSEN,JOR,,0.0,,0.0,True,False
KXWCADVANCE-26JUL01BELSEN,JP,0.001,0.0,0.008333333333333333,0.0,False,False
KXWCADVANCE-26JUL01BELSEN,KR,0.001,0.0,0.001,0.0,False,False
KXWCADVANCE-26JUL01BELSEN,MA,0.028,0.025,0.028333333333333335,0.0245,False,False
KXWCADVANCE-26JUL01BELSEN,MX,0.045,0.05,0.050666666666666665,0.05,False,False
KXWCADVANCE-26JUL01BELSEN,NL,0.001,0.0,0.019,0.0,False,False
KXWCADVANCE-26JUL01BELSEN,NO,0.021,0.02,0.020666666666666667,0.02,False,False
KXWCADVANCE-26JUL01BELSEN,NZL,,0.0,,0.0,True,False
KXWCADVANCE-26JUL01BELSEN,PAN,,0.0,,0.0,True,False
KXWCADVANCE-26JUL01BELSEN,PT,0.071,0.062,0.068,0.0625,False,False
KXWCADVANCE-26JUL01BELSEN,PY,0.003,0.002,0.0030000000000000005,0.002,False,False
KXWCADVANCE-26JUL01BELSEN,QAT,,0.0,,0.0,True,False
KXWCADVANCE-26JUL01BELSEN,RSA,0.001,0.0,0.001,0.0,False,False
KXWCADVANCE-26JUL01BELSEN,SA,,0.0,,0.0,True,False
KXWCADVANCE-26JUL01BELSEN,SC,0.001,0.0,0.001,0.0,False,False
KXWCADVANCE-26JUL01BELSEN,SE,0.001,0.0,0.001,0.0,False,False
KXWCADVANCE-26JUL01BELSEN,SN,0.005,0.001,0.004666666666666667,0.001,False,False
KXWCADVANCE-26JUL01BELSEN,TN,,0.0,,0.0,True,False
KXWCADVANCE-26JUL01BELSEN,TR,,0.0,,0.0,True,False
KXWCADVANCE-26JUL01BELSEN,US,0.042,0.044,0.042333333333333334,0.0455,False,False
KXWCADVANCE-26JUL01BELSEN,UY,,0.0,,0.0,True,False
KXWCADVANCE-26JUL01BELSEN,UZB,0.001,0.0,0.001,0.0,False,False
KXWCADVANCE-26JUL01ENGCOD,AR,0.192,0.196,0.19166666666666665,0.18966666666666665,False,False
KXWCADVANCE-26JUL01ENGCOD,AT,0.002,0.002,0.002,0.002,False,False
KXWCADVANCE-26JUL01ENGCOD,AU,0.002,0.002,0.002,0.002,False,False
KXWCADVANCE-26JUL01ENGCOD,BE,0.009,0.012,0.008666666666666668,0.010666666666666666,False,False
KXWCADVANCE-26JUL01ENGCOD,BIH,0.01,0.01,0.01,0.01,False,False
KXWCADVANCE-26JUL01ENGCOD,BR,0.066,0.07,0.06566666666666666,0.06833333333333334,False,False
KXWCADVANCE-26JUL01ENGCOD,CA,0.003,0.003,0.0030000000000000005,0.0030000000000000005,False,False
KXWCADVANCE-26JUL01ENGCOD,CH,0.007,0.007,0.007,0.007,False,False
KXWCADVANCE-26JUL01ENGCOD,CIV,0.001,0.0,0.002,0.0,False,False
KXWCADVANCE-26JUL01ENGCOD,CO,0.028,0.027,0.028,0.026,False,False
KXWCADVANCE-26JUL01ENGCOD,COD,0.01,0.01,0.01,0.01,False,False
KXWCADVANCE-26JUL01ENGCOD,CPV,0.002,0.002,0.002,0.002,False,False
KXWCADVANCE-26JUL01ENGCOD,CUW,,0.0,,0.0,True,False
KXWCADVANCE-26JUL01ENGCOD,CZE,,0.0,,0.0,True,False
KXWCADVANCE-26JUL01ENGCOD,DE,0.001,0.0,0.011333333333333334,0.0,False,False
KXWCADVANCE-26JUL01ENGCOD,DZA,0.002,0.002,0.002,0.002,False,False
KXWCADVANCE-26JUL01ENGCOD,EC,0.001,0.0,0.001,0.0,False,False
KXWCADVANCE-26JUL01ENGCOD,EGY,0.002,0.002,0.002,0.002,False,False
KXWCADVANCE-26JUL01ENGCOD,ES,0.092,0.093,0.09200000000000001,0.09300000000000001,False,False
KXWCADVANCE-26JUL01ENGCOD,FR,0.345,0.343,0.3456666666666666,0.3446666666666667,False,False
KXWCADVANCE-26JUL01ENGCOD,GB,0.083,0.093,0.083,0.09266666666666667,False,False
KXWCADVANCE-26JUL01ENGCOD,GH,0.002,0.002,0.002,0.002,False,False
KXWCADVANCE-26JUL01ENGCOD,HR,0.003,0.004,0.0030000000000000005,0.004,False,False
KXWCADVANCE-26JUL01ENGCOD,HTI,,0.0,,0.0,True,False
KXWCADVANCE-26JUL01ENGCOD,IR,0.001,0.0,0.001,0.0,False,False
KXWCADVANCE-26JUL01ENGCOD,IRQ,,0.0,,0.0,True,False
KXWCADVANCE-26JUL01ENGCOD,JOR,,0.0,,0.0,True,False
KXWCADVANCE-26JUL01ENGCOD,JP,0.001,0.0,0.008333333333333333,0.0,False,False
KXWCADVANCE-26JUL01ENGCOD,KR,0.001,0.0,0.001,0.0,False,False
KXWCADVANCE-26JUL01ENGCOD,MA,0.031,0.028,0.03166666666666667,0.027,False,False
KXWCADVANCE-26JUL01ENGCOD,MX,0.049,0.047,0.04766666666666667,0.04733333333333334,False,False
KXWCADVANCE-26JUL01ENGCOD,NL,0.001,0.0,0.019,0.0,False,False
KXWCADVANCE-26JUL01ENGCOD,NO,0.019,0.02,0.019,0.02,False,False
KXWCADVANCE-26JUL01ENGCOD,NZL,,0.0,,0.0,True,False
KXWCADVANCE-26JUL01ENGCOD,PAN,,0.0,,0.0,True,False
KXWCADVANCE-26JUL01ENGCOD,PT,0.064,0.062,0.06433333333333334,0.061,False,False
KXWCADVANCE-26JUL01ENGCOD,PY,0.003,0.003,0.0030000000000000005,0.0030000000000000005,False,False
KXWCADVANCE-26JUL01ENGCOD,QAT,,0.0,,0.0,True,False
KXWCADVANCE-26JUL01ENGCOD,RSA,0.001,0.0,0.001,0.0,False,False
KXWCADVANCE-26JUL01ENGCOD,SA,,0.0,,0.0,True,False
KXWCADVANCE-26JUL01ENGCOD,SC,0.001,0.0,0.001,0.0,False,False
KXWCADVANCE-26JUL01ENGCOD,SE,0.001,0.0,0.001,0.0,False,False
KXWCADVANCE-26JUL01ENGCOD,SN,0.004,0.005,0.004,0.005666666666666667,False,False
KXWCADVANCE-26JUL01ENGCOD,TN,,0.0,,0.0,True,False
KXWCADVANCE-26JUL01ENGCOD,TR,,0.0,,0.0,True,False
KXWCADVANCE-26JUL01ENGCOD,US,0.04,0.038,0.041,0.03933333333333333,False,False
KXWCADVANCE-26JUL01ENGCOD,UY,,0.0,,0.0,True,False
KXWCADVANCE-26JUL01ENGCOD,UZB,0.001,0.0,0.001,0.0,False,False
KXWCADVANCE-26JUL02SUIDZA,AR,0.185,0.187,0.18433333333333332,0.18833333333333332,False,False
KXWCADVANCE-26JUL02SUIDZA,AT,0.001,0.0,0.0013333333333333333,0.0,False,False
KXWCADVANCE-26JUL02SUIDZA,AU,0.002,0.001,0.002,0.001,False,False
KXWCADVANCE-26JUL02SUIDZA,BE,0.015,0.015,0.014666666666666666,0.011999999999999999,False,False
KXWCADVANCE-26JUL02SUIDZA,BIH,0.01,0.0,0.01,0.0,False,False
KXWCADVANCE-26JUL02SUIDZA,BR,0.065,0.065,0.06566666666666666,0.064,False,False
KXWCADVANCE-26JUL02SUIDZA,CA,0.003,0.003,0.0030000000000000005,0.0030000000000000005,False,False
KXWCADVANCE-26JUL02SUIDZA,CH,0.006,0.008,0.006000000000000001,0.008,False,False
KXWCADVANCE-26JUL02SUIDZA,CIV,0.001,0.0,0.002,0.0,False,False
KXWCADVANCE-26JUL02SUIDZA,CO,0.027,0.026,0.027,0.025333333333333333,False,False
KXWCADVANCE-26JUL02SUIDZA,COD,0.01,0.0,0.01,0.0,False,False
KXWCADVANCE-26JUL02SUIDZA,CPV,0.002,0.001,0.002,0.0016666666666666668,False,False
KXWCADVANCE-26JUL02SUIDZA,CUW,,0.0,,0.0,True,False
KXWCADVANCE-26JUL02SUIDZA,CZE,,0.0,,0.0,True,False
KXWCADVANCE-26JUL02SUIDZA,DE,0.001,0.0,0.011333333333333334,0.0,False,False
KXWCADVANCE-26JUL02SUIDZA,DZA,0.001,0.001,0.001,0.001,False,False
KXWCADVANCE-26JUL02SUIDZA,EC,0.001,0.0,0.001,0.0,False,False
KXWCADVANCE-26JUL02SUIDZA,EGY,0.002,0.002,0.002,0.002,False,False
KXWCADVANCE-26JUL02SUIDZA,ES,0.124,0.12,0.12733333333333333,0.12,False,False
KXWCADVANCE-26JUL02SUIDZA,FR,0.34,0.341,0.3383333333333334,0.341,False,False
KXWCADVANCE-26JUL02SUIDZA,GB,0.076,0.075,0.07566666666666666,0.07466666666666666,False,False
KXWCADVANCE-26JUL02SUIDZA,GH,0.002,0.001,0.002,0.001,False,False
KXWCADVANCE-26JUL02SUIDZA,HR,0.001,0.0,0.0023333333333333335,0.0,False,False
KXWCADVANCE-26JUL02SUIDZA,HTI,,0.0,,0.0,True,False
KXWCADVANCE-26JUL02SUIDZA,IR,0.001,0.0,0.001,0.0,False,False
KXWCADVANCE-26JUL02SUIDZA,IRQ,,0.0,,0.0,True,False
KXWCADVANCE-26JUL02SUIDZA,JOR,,0.0,,0.0,True,False
KXWCADVANCE-26JUL02SUIDZA,JP,0.001,0.0,0.008333333333333333,0.0,False,False
KXWCADVANCE-26JUL02SUIDZA,KR,0.001,0.0,0.001,0.0,False,False
KXWCADVANCE-26JUL02SUIDZA,MA,0.026,0.025,0.025666666666666667,0.025000000000000005,False,False
KXWCADVANCE-26JUL02SUIDZA,MX,0.052,0.054,0.05333333333333334,0.05333333333333334,False,False
KXWCADVANCE-26JUL02SUIDZA,NL,0.001,0.0,0.019,0.0,False,False
KXWCADVANCE-26JUL02SUIDZA,NO,0.018,0.018,0.017666666666666667,0.018,False,False
KXWCADVANCE-26JUL02SUIDZA,NZL,,0.0,,0.0,True,False
KXWCADVANCE-26JUL02SUIDZA,PAN,,0.0,,0.0,True,False
KXWCADVANCE-26JUL02SUIDZA,PT,0.082,0.074,0.07066666666666667,0.07366666666666666,False,False
KXWCADVANCE-26JUL02SUIDZA,PY,0.002,0.002,0.002,0.002,False,False
KXWCADVANCE-26JUL02SUIDZA,QAT,,0.0,,0.0,True,False
KXWCADVANCE-26JUL02SUIDZA,RSA,0.001,0.0,0.001,0.0,False,False
KXWCADVANCE-26JUL02SUIDZA,SA,,0.0,,0.0,True,False
KXWCADVANCE-26JUL02SUIDZA,SC,0.001,0.0,0.001,0.0,False,False
KXWCADVANCE-26JUL02SUIDZA,SE,0.001,0.0,0.001,0.0,False,False
KXWCADVANCE-26JUL02SUIDZA,SN,0.001,0.0,0.0030000000000000005,0.0,False,False
KXWCADVANCE-26JUL02SUIDZA,TN,,0.0,,0.0,True,False
KXWCADVANCE-26JUL02SUIDZA,TR,,0.0,,0.0,True,False
KXWCADVANCE-26JUL02SUIDZA,US,0.037,0.038,0.039,0.03733333333333333,False,False
KXWCADVANCE-26JUL02SUIDZA,UY,,0.0,,0.0,True,False
KXWCADVANCE-26JUL02SUIDZA,UZB,0.001,0.0,0.001,0.0,False,False
KXWCADVANCE-26JUL02PORCRO,AR,0.182,0.184,0.18833333333333332,0.18433333333333332,False,False
KXWCADVANCE-26JUL02PORCRO,AT,0.001,0.0,0.0013333333333333333,0.0,False,False
KXWCADVANCE-26JUL02PORCRO,AU,0.001,0.002,0.0016666666666666668,0.0013333333333333333,False,False
KXWCADVANCE-26JUL02PORCRO,BE,0.014,0.015,0.014666666666666666,0.014666666666666666,False,False
KXWCADVANCE-26JUL02PORCRO,BIH,0.01,0.0,0.01,0.0,False,False
KXWCADVANCE-26JUL02PORCRO,BR,0.066,0.064,0.066,0.06466666666666666,False,False
KXWCADVANCE-26JUL02PORCRO,CA,0.003,0.003,0.0026666666666666666,0.0030000000000000005,False,False
KXWCADVANCE-26JUL02PORCRO,CH,0.006,0.006,0.006666666666666667,0.007333333333333333,False,False
KXWCADVANCE-26JUL02PORCRO,CIV,0.001,0.0,0.002,0.0,False,False
KXWCADVANCE-26JUL02PORCRO,CO,0.027,0.026,0.02666666666666667,0.026,False,False
KXWCADVANCE-26JUL02PORCRO,COD,0.01,0.0,0.01,0.0,False,False
KXWCADVANCE-26JUL02PORCRO,CPV,0.002,0.001,0.002,0.0013333333333333333,False,False
KXWCADVANCE-26JUL02PORCRO,CUW,,0.0,,0.0,True,False
KXWCADVANCE-26JUL02PORCRO,CZE,,0.0,,0.0,True,False
KXWCADVANCE-26JUL02PORCRO,DE,0.001,0.0,0.011333333333333334,0.0,False,False
KXWCADVANCE-26JUL02PORCRO,DZA,0.001,0.001,0.001,0.001,False,False
KXWCADVANCE-26JUL02PORCRO,EC,0.001,0.0,0.001,0.0,False,False
KXWCADVANCE-26JUL02PORCRO,EGY,0.002,0.002,0.002,0.002,False,False
KXWCADVANCE-26JUL02PORCRO,ES,0.122,0.12,0.11299999999999999,0.12033333333333333,False,False
KXWCADVANCE-26JUL02PORCRO,FR,0.344,0.328,0.34733333333333327,0.3363333333333334,False,False
KXWCADVANCE-26JUL02PORCRO,GB,0.076,0.076,0.076,0.076,False,False
KXWCADVANCE-26JUL02PORCRO,GH,0.002,0.001,0.0013333333333333333,0.001,False,False
KXWCADVANCE-26JUL02PORCRO,HR,0.003,0.001,0.0033333333333333335,0.001,False,False
KXWCADVANCE-26JUL02PORCRO,HTI,,0.0,,0.0,True,False
KXWCADVANCE-26JUL02PORCRO,IR,0.001,0.0,0.001,0.0,False,False
KXWCADVANCE-26JUL02PORCRO,IRQ,,0.0,,0.0,True,False
KXWCADVANCE-26JUL02PORCRO,JOR,,0.0,,0.0,True,False
KXWCADVANCE-26JUL02PORCRO,JP,0.001,0.0,0.008333333333333333,0.0,False,False
KXWCADVANCE-26JUL02PORCRO,KR,0.001,0.0,0.001,0.0,False,False
KXWCADVANCE-26JUL02PORCRO,MA,0.026,0.025,0.026,0.025000000000000005,False,False
KXWCADVANCE-26JUL02PORCRO,MX,0.057,0.054,0.05466666666666667,0.05433333333333334,False,False
KXWCADVANCE-26JUL02PORCRO,NL,0.001,0.0,0.019,0.0,False,False
KXWCADVANCE-26JUL02PORCRO,NO,0.017,0.018,0.018333333333333333,0.018,False,False
KXWCADVANCE-26JUL02PORCRO,NZL,,0.0,,0.0,True,False
KXWCADVANCE-26JUL02PORCRO,PAN,,0.0,,0.0,True,False
KXWCADVANCE-26JUL02PORCRO,PT,0.062,0.079,0.063,0.07966666666666666,False,False
KXWCADVANCE-26JUL02PORCRO,PY,0.002,0.002,0.002,0.002,False,False
KXWCADVANCE-26JUL02PORCRO,QAT,,0.0,,0.0,True,False
KXWCADVANCE-26JUL02PORCRO,RSA,0.001,0.0,0.001,0.0,False,False
KXWCADVANCE-26JUL02PORCRO,SA,,0.0,,0.0,True,False
KXWCADVANCE-26JUL02PORCRO,SC,0.001,0.0,0.001,0.0,False,False
KXWCADVANCE-26JUL02PORCRO,SE,0.001,0.0,0.001,0.0,False,False
KXWCADVANCE-26JUL02PORCRO,SN,0.001,0.0,0.0030000000000000005,0.0,False,False
KXWCADVANCE-26JUL02PORCRO,TN,,0.0,,0.0,True,False
KXWCADVANCE-26JUL02PORCRO,TR,,0.0,,0.0,True,False
KXWCADVANCE-26JUL02PORCRO,US,0.043,0.035,0.043000000000000003,0.036333333333333336,False,False
KXWCADVANCE-26JUL02PORCRO,UY,,0.0,,0.0,True,False
KXWCADVANCE-26JUL02PORCRO,UZB,0.001,0.0,0.001,0.0,False,False
KXWCADVANCE-26JUL02ESPAUT,AR,0.192,0.186,0.18933333333333335,0.18466666666666667,False,False
KXWCADVANCE-26JUL02ESPAUT,AT,0.001,0.0,0.001,0.0,False,False
KXWCADVANCE-26JUL02ESPAUT,AU,0.002,0.002,0.002,0.002,False,False
KXWCADVANCE-26JUL02ESPAUT,BE,0.015,0.015,0.015,0.014666666666666666,False,False
KXWCADVANCE-26JUL02ESPAUT,BIH,0.01,0.0,0.01,0.0,False,False
KXWCADVANCE-26JUL02ESPAUT,BR,0.067,0.065,0.06466666666666666,0.06566666666666666,False,False
KXWCADVANCE-26JUL02ESPAUT,CA,0.003,0.003,0.0030000000000000005,0.0030000000000000005,False,False
KXWCADVANCE-26JUL02ESPAUT,CH,0.006,0.006,0.006000000000000001,0.006000000000000001,False,False
KXWCADVANCE-26JUL02ESPAUT,CIV,0.001,0.0,0.002,0.0,False,False
KXWCADVANCE-26JUL02ESPAUT,CO,0.027,0.026,0.027,0.02666666666666667,False,False
KXWCADVANCE-26JUL02ESPAUT,COD,0.01,0.0,0.01,0.0,False,False
KXWCADVANCE-26JUL02ESPAUT,CPV,0.002,0.002,0.002,0.002,False,False
KXWCADVANCE-26JUL02ESPAUT,CUW,,0.0,,0.0,True,False
KXWCADVANCE-26JUL02ESPAUT,CZE,,0.0,,0.0,True,False
KXWCADVANCE-26JUL02ESPAUT,DE,0.001,0.0,0.011333333333333334,0.0,False,False
KXWCADVANCE-26JUL02ESPAUT,DZA,0.001,0.001,0.001,0.001,False,False
KXWCADVANCE-26JUL02ESPAUT,EC,0.001,0.0,0.001,0.0,False,False
KXWCADVANCE-26JUL02ESPAUT,EGY,0.002,0.002,0.002,0.002,False,False
KXWCADVANCE-26JUL02ESPAUT,ES,0.1,0.125,0.09966666666666668,0.12766666666666668,False,False
KXWCADVANCE-26JUL02ESPAUT,FR,0.351,0.339,0.3506666666666667,0.338,False,False
KXWCADVANCE-26JUL02ESPAUT,GB,0.079,0.075,0.079,0.07533333333333332,False,False
KXWCADVANCE-26JUL02ESPAUT,GH,0.001,0.002,0.001,0.002,False,False
KXWCADVANCE-26JUL02ESPAUT,HR,0.003,0.003,0.0030000000000000005,0.0030000000000000005,False,False
KXWCADVANCE-26JUL02ESPAUT,HTI,,0.0,,0.0,True,False
KXWCADVANCE-26JUL02ESPAUT,IR,0.001,0.0,0.001,0.0,False,False
KXWCADVANCE-26JUL02ESPAUT,IRQ,,0.0,,0.0,True,False
KXWCADVANCE-26JUL02ESPAUT,JOR,,0.0,,0.0,True,False
KXWCADVANCE-26JUL02ESPAUT,JP,0.001,0.0,0.008333333333333333,0.0,False,False
KXWCADVANCE-26JUL02ESPAUT,KR,0.001,0.0,0.001,0.0,False,False
KXWCADVANCE-26JUL02ESPAUT,MA,0.028,0.026,0.027333333333333334,0.025666666666666667,False,False
KXWCADVANCE-26JUL02ESPAUT,MX,0.057,0.056,0.05766666666666667,0.05466666666666667,False,False
KXWCADVANCE-26JUL02ESPAUT,NL,0.001,0.0,0.019,0.0,False,False
KXWCADVANCE-26JUL02ESPAUT,NO,0.018,0.018,0.018,0.017666666666666667,False,False
KXWCADVANCE-26JUL02ESPAUT,NZL,,0.0,,0.0,True,False
KXWCADVANCE-26JUL02ESPAUT,PAN,,0.0,,0.0,True,False
KXWCADVANCE-26JUL02ESPAUT,PT,0.064,0.062,0.063,0.064,False,False
KXWCADVANCE-26JUL02ESPAUT,PY,0.003,0.002,0.0030000000000000005,0.002,False,False
KXWCADVANCE-26JUL02ESPAUT,QAT,,0.0,,0.0,True,False
KXWCADVANCE-26JUL02ESPAUT,RSA,0.001,0.0,0.001,0.0,False,False
KXWCADVANCE-26JUL02ESPAUT,SA,,0.0,,0.0,True,False
KXWCADVANCE-26JUL02ESPAUT,SC,0.001,0.0,0.001,0.0,False,False
KXWCADVANCE-26JUL02ESPAUT,SE,0.001,0.0,0.001,0.0,False,False
KXWCADVANCE-26JUL02ESPAUT,SN,0.001,0.0,0.0030000000000000005,0.0,False,False
KXWCADVANCE-26JUL02ESPAUT,TN,,0.0,,0.0,True,False
KXWCADVANCE-26JUL02ESPAUT,TR,,0.0,,0.0,True,False
KXWCADVANCE-26JUL02ESPAUT,US,0.042,0.043,0.042666666666666665,0.041,False,False
KXWCADVANCE-26JUL02ESPAUT,UY,,0.0,,0.0,True,False
KXWCADVANCE-26JUL02ESPAUT,UZB,0.001,0.0,0.001,0.0,False,False
KXWCADVANCE-26JUL03COLGHA,AR,0.175,0.175,0.18099999999999997,0.17299999999999996,False,False
KXWCADVANCE-26JUL03COLGHA,AT,0.001,0.0,0.0013333333333333333,0.0,False,False
KXWCADVANCE-26JUL03COLGHA,AU,0.001,0.0,0.001,0.0,False,False
KXWCADVANCE-26JUL03COLGHA,BE,0.011,0.012,0.011000000000000001,0.011666666666666667,False,False
KXWCADVANCE-26JUL03COLGHA,BIH,0.01,0.0,0.01,0.0,False,False
KXWCADVANCE-26JUL03COLGHA,BR,0.069,0.065,0.06633333333333334,0.065,False,False
KXWCADVANCE-26JUL03COLGHA,CA,0.003,0.003,0.0030000000000000005,0.0026666666666666666,False,False
KXWCADVANCE-26JUL03COLGHA,CH,0.009,0.009,0.008,0.009,False,False
KXWCADVANCE-26JUL03COLGHA,CIV,0.001,0.0,0.002,0.0,False,False
KXWCADVANCE-26JUL03COLGHA,CO,0.035,0.031,0.029,0.03233333333333333,False,False
KXWCADVANCE-26JUL03COLGHA,COD,0.01,0.0,0.01,0.0,False,False
KXWCADVANCE-26JUL03COLGHA,CPV,0.001,0.0,0.002,0.0,False,False
KXWCADVANCE-26JUL03COLGHA,CUW,,0.0,,0.0,True,False
KXWCADVANCE-26JUL03COLGHA,CZE,,0.0,,0.0,True,False
KXWCADVANCE-26JUL03COLGHA,DE,0.001,0.0,0.011333333333333334,0.0,False,False
KXWCADVANCE-26JUL03COLGHA,DZA,0.001,0.0,0.001,0.0,False,False
KXWCADVANCE-26JUL03COLGHA,EC,0.001,0.0,0.001,0.0,False,False
KXWCADVANCE-26JUL03COLGHA,EGY,0.003,0.003,0.0030000000000000005,0.0033333333333333335,False,False
KXWCADVANCE-26JUL03COLGHA,ES,0.128,0.127,0.12533333333333332,0.127,False,False
KXWCADVANCE-26JUL03COLGHA,FR,0.365,0.347,0.35033333333333333,0.349,False,False
KXWCADVANCE-26JUL03COLGHA,GB,0.076,0.073,0.07566666666666666,0.07233333333333332,False,False
KXWCADVANCE-26JUL03COLGHA,GH,0.001,0.001,0.001,0.001,False,False
KXWCADVANCE-26JUL03COLGHA,HR,0.001,0.0,0.0016666666666666668,0.0,False,False
KXWCADVANCE-26JUL03COLGHA,HTI,,0.0,,0.0,True,False
KXWCADVANCE-26JUL03COLGHA,IR,0.001,0.0,0.001,0.0,False,False
KXWCADVANCE-26JUL03COLGHA,IRQ,,0.0,,0.0,True,False
KXWCADVANCE-26JUL03COLGHA,JOR,,0.0,,0.0,True,False
KXWCADVANCE-26JUL03COLGHA,JP,0.001,0.0,0.008333333333333333,0.0,False,False
KXWCADVANCE-26JUL03COLGHA,KR,0.001,0.0,0.001,0.0,False,False
KXWCADVANCE-26JUL03COLGHA,MA,0.026,0.022,0.024666666666666667,0.02266666666666667,False,False
KXWCADVANCE-26JUL03COLGHA,MX,0.055,0.055,0.052333333333333336,0.05433333333333334,False,False
KXWCADVANCE-26JUL03COLGHA,NL,0.001,0.0,0.019,0.0,False,False
KXWCADVANCE-26JUL03COLGHA,NO,0.017,0.017,0.016666666666666666,0.017,False,False
KXWCADVANCE-26JUL03COLGHA,NZL,,0.0,,0.0,True,False
KXWCADVANCE-26JUL03COLGHA,PAN,,0.0,,0.0,True,False
KXWCADVANCE-26JUL03COLGHA,PT,0.064,0.072,0.06966666666666667,0.06833333333333334,False,False
KXWCADVANCE-26JUL03COLGHA,PY,0.002,0.002,0.002,0.002,False,False
KXWCADVANCE-26JUL03COLGHA,QAT,,0.0,,0.0,True,False
KXWCADVANCE-26JUL03COLGHA,RSA,0.001,0.0,0.001,0.0,False,False
KXWCADVANCE-26JUL03COLGHA,SA,,0.0,,0.0,True,False
KXWCADVANCE-26JUL03COLGHA,SC,0.001,0.0,0.001,0.0,False,False
KXWCADVANCE-26JUL03COLGHA,SE,0.001,0.0,0.001,0.0,False,False
KXWCADVANCE-26JUL03COLGHA,SN,0.001,0.0,0.0030000000000000005,0.0,False,False
KXWCADVANCE-26JUL03COLGHA,TN,,0.0,,0.0,True,False
KXWCADVANCE-26JUL03COLGHA,TR,,0.0,,0.0,True,False
KXWCADVANCE-26JUL03COLGHA,US,0.036,0.037,0.03566666666666667,0.03766666666666666,False,False
KXWCADVANCE-26JUL03COLGHA,UY,,0.0,,0.0,True,False
KXWCADVANCE-26JUL03COLGHA,UZB,0.001,0.0,0.001,0.0,False,False
KXWCADVANCE-26JUL03ARGCPV,AR,0.196,0.175,0.19566666666666666,0.17733333333333334,False,False
KXWCADVANCE-26JUL03ARGCPV,AT,0.001,0.0,0.0013333333333333333,0.0,False,False
KXWCADVANCE-26JUL03ARGCPV,AU,0.001,0.0,0.001,0.0,False,False
KXWCADVANCE-26JUL03ARGCPV,BE,0.011,0.011,0.011000000000000001,0.011000000000000001,False,False
KXWCADVANCE-26JUL03ARGCPV,BIH,0.01,0.0,0.01,0.0,False,False
KXWCADVANCE-26JUL03ARGCPV,BR,0.063,0.069,0.06266666666666666,0.065,False,False
KXWCADVANCE-26JUL03ARGCPV,CA,0.003,0.003,0.0030000000000000005,0.0030000000000000005,False,False
KXWCADVANCE-26JUL03ARGCPV,CH,0.008,0.009,0.008,0.009,False,False
KXWCADVANCE-26JUL03ARGCPV,CIV,0.001,0.0,0.002,0.0,False,False
KXWCADVANCE-26JUL03ARGCPV,CO,0.025,0.035,0.02466666666666667,0.035333333333333335,False,False
KXWCADVANCE-26JUL03ARGCPV,COD,0.01,0.0,0.01,0.0,False,False
KXWCADVANCE-26JUL03ARGCPV,CPV,0.002,0.001,0.0016666666666666668,0.001,False,False
KXWCADVANCE-26JUL03ARGCPV,CUW,,0.0,,0.0,True,False
KXWCADVANCE-26JUL03ARGCPV,CZE,,0.0,,0.0,True,False
KXWCADVANCE-26JUL03ARGCPV,DE,0.001,0.0,0.011333333333333334,0.0,False,False
KXWCADVANCE-26JUL03ARGCPV,DZA,0.001,0.0,0.001,0.0,False,False
KXWCADVANCE-26JUL03ARGCPV,EC,0.001,0.0,0.001,0.0,False,False
KXWCADVANCE-26JUL03ARGCPV,EGY,0.003,0.003,0.0023333333333333335,0.0033333333333333335,False,False
KXWCADVANCE-26JUL03ARGCPV,ES,0.129,0.128,0.12766666666666668,0.127,False,False
KXWCADVANCE-26JUL03ARGCPV,FR,0.338,0.365,0.3363333333333334,0.351,False,False
KXWCADVANCE-26JUL03ARGCPV,GB,0.073,0.076,0.07266666666666666,0.07366666666666666,False,False
KXWCADVANCE-26JUL03ARGCPV,GH,0.001,0.001,0.001,0.001,False,False
KXWCADVANCE-26JUL03ARGCPV,HR,0.001,0.0,0.0016666666666666668,0.0,False,False
KXWCADVANCE-26JUL03ARGCPV,HTI,,0.0,,0.0,True,False
KXWCADVANCE-26JUL03ARGCPV,IR,0.001,0.0,0.001,0.0,False,False
KXWCADVANCE-26JUL03ARGCPV,IRQ,,0.0,,0.0,True,False
KXWCADVANCE-26JUL03ARGCPV,JOR,,0.0,,0.0,True,False
KXWCADVANCE-26JUL03ARGCPV,JP,0.001,0.0,0.008333333333333333,0.0,False,False
KXWCADVANCE-26JUL03ARGCPV,KR,0.001,0.0,0.001,0.0,False,False
KXWCADVANCE-26JUL03ARGCPV,MA,0.025,0.026,0.024000000000000004,0.02466666666666667,False,False
KXWCADVANCE-26JUL03ARGCPV,MX,0.053,0.055,0.05333333333333334,0.05433333333333334,False,False
KXWCADVANCE-26JUL03ARGCPV,NL,0.001,0.0,0.019,0.0,False,False
KXWCADVANCE-26JUL03ARGCPV,NO,0.017,0.017,0.017,0.016666666666666666,False,False
KXWCADVANCE-26JUL03ARGCPV,NZL,,0.0,,0.0,True,False
KXWCADVANCE-26JUL03ARGCPV,PAN,,0.0,,0.0,True,False
KXWCADVANCE-26JUL03ARGCPV,PT,0.065,0.064,0.068,0.06533333333333334,False,False
KXWCADVANCE-26JUL03ARGCPV,PY,0.002,0.002,0.002,0.002,False,False
KXWCADVANCE-26JUL03ARGCPV,QAT,,0.0,,0.0,True,False
KXWCADVANCE-26JUL03ARGCPV,RSA,0.001,0.0,0.001,0.0,False,False
KXWCADVANCE-26JUL03ARGCPV,SA,,0.0,,0.0,True,False
KXWCADVANCE-26JUL03ARGCPV,SC,0.001,0.0,0.001,0.0,False,False
KXWCADVANCE-26JUL03ARGCPV,SE,0.001,0.0,0.001,0.0,False,False
KXWCADVANCE-26JUL03ARGCPV,SN,0.001,0.0,0.0030000000000000005,0.0,False,False
KXWCADVANCE-26JUL03ARGCPV,TN,,0.0,,0.0,True,False
KXWCADVANCE-26JUL03ARGCPV,TR,,0.0,,0.0,True,False
KXWCADVANCE-26JUL03ARGCPV,US,0.036,0.036,0.035333333333333335,0.03633333333333333,False,False
KXWCADVANCE-26JUL03ARGCPV,UY,,0.0,,0.0,True,False
KXWCADVANCE-26JUL03ARGCPV,UZB,0.001,0.0,0.001,0.0,False,False
KXWCADVANCE-26JUL03AUSEGY,AR,0.189,0.21,0.18633333333333332,0.19266666666666665,False,False
KXWCADVANCE-26JUL03AUSEGY,AT,0.001,0.0,0.0013333333333333333,0.0,False,False
KXWCADVANCE-26JUL03AUSEGY,AU,0.001,0.0,0.001,0.0,False,False
KXWCADVANCE-26JUL03AUSEGY,BE,0.011,0.011,0.011000000000000001,0.011000000000000001,False,False
KXWCADVANCE-26JUL03AUSEGY,BIH,0.01,0.0,0.01,0.0,False,False
KXWCADVANCE-26JUL03AUSEGY,BR,0.063,0.063,0.06266666666666666,0.06433333333333334,False,False
KXWCADVANCE-26JUL03AUSEGY,CA,0.003,0.003,0.0030000000000000005,0.0030000000000000005,False,False
KXWCADVANCE-26JUL03AUSEGY,CH,0.008,0.008,0.008,0.007666666666666666,False,False
KXWCADVANCE-26JUL03AUSEGY,CIV,0.001,0.0,0.002,0.0,False,False
KXWCADVANCE-26JUL03AUSEGY,CO,0.024,0.025,0.024000000000000004,0.025666666666666667,False,False
KXWCADVANCE-26JUL03AUSEGY,COD,0.01,0.0,0.01,0.0,False,False
KXWCADVANCE-26JUL03AUSEGY,CPV,0.002,0.002,0.002,0.0023333333333333335,False,False
KXWCADVANCE-26JUL03AUSEGY,CUW,,0.0,,0.0,True,False
KXWCADVANCE-26JUL03AUSEGY,CZE,,0.0,,0.0,True,False
KXWCADVANCE-26JUL03AUSEGY,DE,0.001,0.0,0.011333333333333334,0.0,False,False
KXWCADVANCE-26JUL03AUSEGY,DZA,0.001,0.0,0.001,0.0,False,False
KXWCADVANCE-26JUL03AUSEGY,EC,0.001,0.0,0.001,0.0,False,False
KXWCADVANCE-26JUL03AUSEGY,EGY,0.002,0.003,0.002,0.0030000000000000005,False,False
KXWCADVANCE-26JUL03AUSEGY,ES,0.12,0.129,0.12,0.12566666666666668,False,False
KXWCADVANCE-26JUL03AUSEGY,FR,0.34,0.338,0.3406666666666667,0.3413333333333333,False,False
KXWCADVANCE-26JUL03AUSEGY,GB,0.073,0.073,0.073,0.07466666666666666,False,False
KXWCADVANCE-26JUL03AUSEGY,GH,0.001,0.001,0.001,0.001,False,False
KXWCADVANCE-26JUL03AUSEGY,HR,0.001,0.0,0.0016666666666666668,0.0,False,False
KXWCADVANCE-26JUL03AUSEGY,HTI,,0.0,,0.0,True,False
KXWCADVANCE-26JUL03AUSEGY,IR,0.001,0.0,0.001,0.0,False,False
KXWCADVANCE-26JUL03AUSEGY,IRQ,,0.0,,0.0,True,False
KXWCADVANCE-26JUL03AUSEGY,JOR,,0.0,,0.0,True,False
KXWCADVANCE-26JUL03AUSEGY,JP,0.001,0.0,0.008333333333333333,0.0,False,False
KXWCADVANCE-26JUL03AUSEGY,KR,0.001,0.0,0.001,0.0,False,False
KXWCADVANCE-26JUL03AUSEGY,MA,0.024,0.024,0.024000000000000004,0.024000000000000004,False,False
KXWCADVANCE-26JUL03AUSEGY,MX,0.052,0.054,0.052,0.052,False,False
KXWCADVANCE-26JUL03AUSEGY,NL,0.001,0.0,0.019,0.0,False,False
KXWCADVANCE-26JUL03AUSEGY,NO,0.018,0.017,0.018,0.016666666666666666,False,False
KXWCADVANCE-26JUL03AUSEGY,NZL,,0.0,,0.0,True,False
KXWCADVANCE-26JUL03AUSEGY,PAN,,0.0,,0.0,True,False
KXWCADVANCE-26JUL03AUSEGY,PT,0.073,0.066,0.07333333333333332,0.07033333333333334,False,False
KXWCADVANCE-26JUL03AUSEGY,PY,0.002,0.002,0.002,0.002,False,False
KXWCADVANCE-26JUL03AUSEGY,QAT,,0.0,,0.0,True,False
KXWCADVANCE-26JUL03AUSEGY,RSA,0.001,0.0,0.001,0.0,False,False
KXWCADVANCE-26JUL03AUSEGY,SA,,0.0,,0.0,True,False
KXWCADVANCE-26JUL03AUSEGY,SC,0.001,0.0,0.001,0.0,False,False
KXWCADVANCE-26JUL03AUSEGY,SE,0.001,0.0,0.001,0.0,False,False
KXWCADVANCE-26JUL03AUSEGY,SN,0.001,0.0,0.0030000000000000005,0.0,False,False
KXWCADVANCE-26JUL03AUSEGY,TN,,0.0,,0.0,True,False
KXWCADVANCE-26JUL03AUSEGY,TR,,0.0,,0.0,True,False
KXWCADVANCE-26JUL03AUSEGY,US,0.034,0.035,0.036,0.035333333333333335,False,False
KXWCADVANCE-26JUL03AUSEGY,UY,,0.0,,0.0,True,False
KXWCADVANCE-26JUL03AUSEGY,UZB,0.001,0.0,0.001,0.0,False,False
KXWCADVANCE-26JUL04PARFRA,AR,0.168,0.169,0.168,0.16833333333333333,False,False
KXWCADVANCE-26JUL04PARFRA,AT,0.001,0.0,0.0013333333333333333,0.0,False,False
KXWCADVANCE-26JUL04PARFRA,AU,0.001,0.0,0.001,0.0,False,False
KXWCADVANCE-26JUL04PARFRA,BE,0.012,0.011,0.012000000000000002,0.010333333333333333,False,False
KXWCADVANCE-26JUL04PARFRA,BIH,0.01,0.0,0.01,0.0,False,False
KXWCADVANCE-26JUL04PARFRA,BR,0.063,0.065,0.06566666666666666,0.065,False,False
KXWCADVANCE-26JUL04PARFRA,CA,0.001,0.0,0.0023333333333333335,0.0,False,False
KXWCADVANCE-26JUL04PARFRA,CH,0.009,0.009,0.009,0.007666666666666666,False,False
KXWCADVANCE-26JUL04PARFRA,CIV,0.001,0.0,0.002,0.0,False,False
KXWCADVANCE-26JUL04PARFRA,CO,0.031,0.032,0.031,0.032,False,False
KXWCADVANCE-26JUL04PARFRA,COD,0.01,0.0,0.01,0.0,False,False
KXWCADVANCE-26JUL04PARFRA,CPV,0.001,0.0,0.002,0.0,False,False
KXWCADVANCE-26JUL04PARFRA,CUW,,0.0,,0.0,True,False
KXWCADVANCE-26JUL04PARFRA,CZE,,0.0,,0.0,True,False
KXWCADVANCE-26JUL04PARFRA,DE,0.001,0.0,0.011333333333333334,0.0,False,False
KXWCADVANCE-26JUL04PARFRA,DZA,0.001,0.0,0.001,0.0,False,False
KXWCADVANCE-26JUL04PARFRA,EC,0.001,0.0,0.001,0.0,False,False
KXWCADVANCE-26JUL04PARFRA,EGY,0.003,0.003,0.0030000000000000005,0.0030000000000000005,False,False
KXWCADVANCE-26JUL04PARFRA,ES,0.126,0.125,0.12333333333333334,0.127,False,False
KXWCADVANCE-26JUL04PARFRA,FR,0.36,0.366,0.3553333333333333,0.36133333333333334,False,False
KXWCADVANCE-26JUL04PARFRA,GB,0.066,0.066,0.067,0.066,False,False
KXWCADVANCE-26JUL04PARFRA,GH,0.001,0.0,0.001,0.0,False,False
KXWCADVANCE-26JUL04PARFRA,HR,0.001,0.0,0.0016666666666666668,0.0,False,False
KXWCADVANCE-26JUL04PARFRA,HTI,,0.0,,0.0,True,False
KXWCADVANCE-26JUL04PARFRA,IR,0.001,0.0,0.001,0.0,False,False
KXWCADVANCE-26JUL04PARFRA,IRQ,,0.0,,0.0,True,False
KXWCADVANCE-26JUL04PARFRA,JOR,,0.0,,0.0,True,False
KXWCADVANCE-26JUL04PARFRA,JP,0.001,0.0,0.008333333333333333,0.0,False,False
KXWCADVANCE-26JUL04PARFRA,KR,0.001,0.0,0.001,0.0,False,False
KXWCADVANCE-26JUL04PARFRA,MA,0.03,0.029,0.02666666666666667,0.028,False,False
KXWCADVANCE-26JUL04PARFRA,MX,0.053,0.049,0.053,0.051,False,False
KXWCADVANCE-26JUL04PARFRA,NL,0.001,0.0,0.019,0.0,False,False
KXWCADVANCE-26JUL04PARFRA,NO,0.017,0.017,0.016666666666666666,0.017,False,False
KXWCADVANCE-26JUL04PARFRA,NZL,,0.0,,0.0,True,False
KXWCADVANCE-26JUL04PARFRA,PAN,,0.0,,0.0,True,False
KXWCADVANCE-26JUL04PARFRA,PT,0.07,0.067,0.07066666666666667,0.06533333333333334,False,False
KXWCADVANCE-26JUL04PARFRA,PY,0.002,0.001,0.002,0.001,False,False
KXWCADVANCE-26JUL04PARFRA,QAT,,0.0,,0.0,True,False
KXWCADVANCE-26JUL04PARFRA,RSA,0.001,0.0,0.001,0.0,False,False
KXWCADVANCE-26JUL04PARFRA,SA,,0.0,,0.0,True,False
KXWCADVANCE-26JUL04PARFRA,SC,0.001,0.0,0.001,0.0,False,False
KXWCADVANCE-26JUL04PARFRA,SE,0.001,0.0,0.001,0.0,False,False
KXWCADVANCE-26JUL04PARFRA,SN,0.001,0.0,0.0030000000000000005,0.0,False,False
KXWCADVANCE-26JUL04PARFRA,TN,,0.0,,0.0,True,False
KXWCADVANCE-26JUL04PARFRA,TR,,0.0,,0.0,True,False
KXWCADVANCE-26JUL04PARFRA,US,0.04,0.038,0.03833333333333333,0.03733333333333333,False,False
KXWCADVANCE-26JUL04PARFRA,UY,,0.0,,0.0,True,False
KXWCADVANCE-26JUL04PARFRA,UZB,0.001,0.0,0.001,0.0,False,False
KXWCADVANCE-26JUL04CANMAR,AR,0.173,0.17,0.168,0.16566666666666666,False,False
KXWCADVANCE-26JUL04CANMAR,AT,0.001,0.0,0.0013333333333333333,0.0,False,False
KXWCADVANCE-26JUL04CANMAR,AU,0.001,0.0,0.001,0.0,False,False
KXWCADVANCE-26JUL04CANMAR,BE,0.012,0.012,0.011666666666666667,0.012000000000000002,False,False
KXWCADVANCE-26JUL04CANMAR,BIH,0.01,0.0,0.01,0.0,False,False
KXWCADVANCE-26JUL04CANMAR,BR,0.066,0.066,0.06566666666666666,0.06466666666666666,False,False
KXWCADVANCE-26JUL04CANMAR,CA,0.002,0.001,0.002,0.001,False,False
KXWCADVANCE-26JUL04CANMAR,CH,0.009,0.009,0.008333333333333333,0.009,False,False
KXWCADVANCE-26JUL04CANMAR,CIV,0.001,0.0,0.002,0.0,False,False
KXWCADVANCE-26JUL04CANMAR,CO,0.031,0.03,0.03166666666666667,0.030333333333333334,False,False
KXWCADVANCE-26JUL04CANMAR,COD,0.01,0.0,0.01,0.0,False,False
KXWCADVANCE-26JUL04CANMAR,CPV,0.001,0.0,0.002,0.0,False,False
KXWCADVANCE-26JUL04CANMAR,CUW,,0.0,,0.0,True,False
KXWCADVANCE-26JUL04CANMAR,CZE,,0.0,,0.0,True,False
KXWCADVANCE-26JUL04CANMAR,DE,0.001,0.0,0.011333333333333334,0.0,False,False
KXWCADVANCE-26JUL04CANMAR,DZA,0.001,0.0,0.001,0.0,False,False
KXWCADVANCE-26JUL04CANMAR,EC,0.001,0.0,0.001,0.0,False,False
KXWCADVANCE-26JUL04CANMAR,EGY,0.003,0.003,0.0030000000000000005,0.0030000000000000005,False,False
KXWCADVANCE-26JUL04CANMAR,ES,0.122,0.123,0.12333333333333334,0.12466666666666666,False,False
KXWCADVANCE-26JUL04CANMAR,FR,0.356,0.364,0.35600000000000004,0.3593333333333333,False,False
KXWCADVANCE-26JUL04CANMAR,GB,0.071,0.066,0.071,0.066,False,False
KXWCADVANCE-26JUL04CANMAR,GH,0.001,0.0,0.001,0.0,False,False
KXWCADVANCE-26JUL04CANMAR,HR,0.001,0.0,0.0016666666666666668,0.0,False,False
KXWCADVANCE-26JUL04CANMAR,HTI,,0.0,,0.0,True,False
KXWCADVANCE-26JUL04CANMAR,IR,0.001,0.0,0.001,0.0,False,False
KXWCADVANCE-26JUL04CANMAR,IRQ,,0.0,,0.0,True,False
KXWCADVANCE-26JUL04CANMAR,JOR,,0.0,,0.0,True,False
KXWCADVANCE-26JUL04CANMAR,JP,0.001,0.0,0.008333333333333333,0.0,False,False
KXWCADVANCE-26JUL04CANMAR,KR,0.001,0.0,0.001,0.0,False,False
KXWCADVANCE-26JUL04CANMAR,MA,0.023,0.026,0.023000000000000003,0.027333333333333334,False,False
KXWCADVANCE-26JUL04CANMAR,MX,0.055,0.054,0.052333333333333336,0.053,False,False
KXWCADVANCE-26JUL04CANMAR,NL,0.001,0.0,0.019,0.0,False,False
KXWCADVANCE-26JUL04CANMAR,NO,0.018,0.017,0.018,0.017,False,False
KXWCADVANCE-26JUL04CANMAR,NZL,,0.0,,0.0,True,False
KXWCADVANCE-26JUL04CANMAR,PAN,,0.0,,0.0,True,False
KXWCADVANCE-26JUL04CANMAR,PT,0.069,0.067,0.06633333333333334,0.06533333333333334,False,False
KXWCADVANCE-26JUL04CANMAR,PY,0.002,0.002,0.002,0.0026666666666666666,False,False
KXWCADVANCE-26JUL04CANMAR,QAT,,0.0,,0.0,True,False
KXWCADVANCE-26JUL04CANMAR,RSA,0.001,0.0,0.001,0.0,False,False
KXWCADVANCE-26JUL04CANMAR,SA,,0.0,,0.0,True,False
KXWCADVANCE-26JUL04CANMAR,SC,0.001,0.0,0.001,0.0,False,False
KXWCADVANCE-26JUL04CANMAR,SE,0.001,0.0,0.001,0.0,False,False
KXWCADVANCE-26JUL04CANMAR,SN,0.001,0.0,0.0030000000000000005,0.0,False,False
KXWCADVANCE-26JUL04CANMAR,TN,,0.0,,0.0,True,False
KXWCADVANCE-26JUL04CANMAR,TR,,0.0,,0.0,True,False
KXWCADVANCE-26JUL04CANMAR,US,0.033,0.037,0.035666666666666666,0.03733333333333333,False,False
KXWCADVANCE-26JUL04CANMAR,UY,,0.0,,0.0,True,False
KXWCADVANCE-26JUL04CANMAR,UZB,0.001,0.0,0.001,0.0,False,False
KXWCADVANCE-26JUL05MEXENG,AR,0.169,0.181,0.17300000000000001,0.18266666666666667,False,False
KXWCADVANCE-26JUL05MEXENG,AT,0.001,0.0,0.0013333333333333333,0.0,False,False
KXWCADVANCE-26JUL05MEXENG,AU,0.001,0.0,0.001,0.0,False,False
KXWCADVANCE-26JUL05MEXENG,BE,0.012,0.012,0.012000000000000002,0.012000000000000002,False,False
KXWCADVANCE-26JUL05MEXENG,BIH,0.01,0.0,0.01,0.0,False,False
KXWCADVANCE-26JUL05MEXENG,BR,0.001,0.0,0.04666666666666667,0.0,False,False
KXWCADVANCE-26JUL05MEXENG,CA,0.001,0.0,0.002,0.0,False,False
KXWCADVANCE-26JUL05MEXENG,CH,0.008,0.008,0.008,0.008,False,False
KXWCADVANCE-26JUL05MEXENG,CIV,0.001,0.0,0.002,0.0,False,False
KXWCADVANCE-26JUL05MEXENG,CO,0.033,0.034,0.03233333333333333,0.03333333333333333,False,False
KXWCADVANCE-26JUL05MEXENG,COD,0.01,0.0,0.01,0.0,False,False
KXWCADVANCE-26JUL05MEXENG,CPV,0.001,0.0,0.002,0.0,False,False
KXWCADVANCE-26JUL05MEXENG,CUW,,0.0,,0.0,True,False
KXWCADVANCE-26JUL05MEXENG,CZE,,0.0,,0.0,True,False
KXWCADVANCE-26JUL05MEXENG,DE,0.001,0.0,0.011333333333333334,0.0,False,False
KXWCADVANCE-26JUL05MEXENG,DZA,0.001,0.0,0.001,0.0,False,False
KXWCADVANCE-26JUL05MEXENG,EC,0.001,0.0,0.001,0.0,False,False
KXWCADVANCE-26JUL05MEXENG,EGY,0.003,0.004,0.0030000000000000005,0.004,False,False
KXWCADVANCE-26JUL05MEXENG,ES,0.127,0.122,0.12666666666666668,0.12366666666666666,False,False
KXWCADVANCE-26JUL05MEXENG,FR,0.348,0.35,0.34366666666666673,0.3446666666666667,False,False
KXWCADVANCE-26JUL05MEXENG,GB,0.079,0.14,0.07133333333333335,0.1396666666666667,False,False
KXWCADVANCE-26JUL05MEXENG,GH,0.001,0.0,0.001,0.0,False,False
KXWCADVANCE-26JUL05MEXENG,HR,0.001,0.0,0.0016666666666666668,0.0,False,False
KXWCADVANCE-26JUL05MEXENG,HTI,,0.0,,0.0,True,False
KXWCADVANCE-26JUL05MEXENG,IR,0.001,0.0,0.001,0.0,False,False
KXWCADVANCE-26JUL05MEXENG,IRQ,,0.0,,0.0,True,False
KXWCADVANCE-26JUL05MEXENG,JOR,,0.0,,0.0,True,False
KXWCADVANCE-26JUL05MEXENG,JP,0.001,0.0,0.008333333333333333,0.0,False,False
KXWCADVANCE-26JUL05MEXENG,KR,0.001,0.0,0.001,0.0,False,False
KXWCADVANCE-26JUL05MEXENG,MA,0.028,0.03,0.027333333333333334,0.028999999999999998,False,False
KXWCADVANCE-26JUL05MEXENG,MX,0.053,0.001,0.05333333333333334,0.001,False,False
KXWCADVANCE-26JUL05MEXENG,NL,0.001,0.0,0.019,0.0,False,False
KXWCADVANCE-26JUL05MEXENG,NO,0.057,0.054,0.032,0.052333333333333336,False,False
KXWCADVANCE-26JUL05MEXENG,NZL,,0.0,,0.0,True,False
KXWCADVANCE-26JUL05MEXENG,PAN,,0.0,,0.0,True,False
KXWCADVANCE-26JUL05MEXENG,PT,0.065,0.064,0.06433333333333334,0.05933333333333333,False,False
KXWCADVANCE-26JUL05MEXENG,PY,0.001,0.0,0.001,0.0,False,False
KXWCADVANCE-26JUL05MEXENG,QAT,,0.0,,0.0,True,False
KXWCADVANCE-26JUL05MEXENG,RSA,0.001,0.0,0.001,0.0,False,False
KXWCADVANCE-26JUL05MEXENG,SA,,0.0,,0.0,True,False
KXWCADVANCE-26JUL05MEXENG,SC,0.001,0.0,0.001,0.0,False,False
KXWCADVANCE-26JUL05MEXENG,SE,0.001,0.0,0.001,0.0,False,False
KXWCADVANCE-26JUL05MEXENG,SN,0.001,0.0,0.0030000000000000005,0.0,False,False
KXWCADVANCE-26JUL05MEXENG,TN,,0.0,,0.0,True,False
KXWCADVANCE-26JUL05MEXENG,TR,,0.0,,0.0,True,False
KXWCADVANCE-26JUL05MEXENG,US,0.038,0.042,0.036666666666666674,0.04,False,False
KXWCADVANCE-26JUL05MEXENG,UY,,0.0,,0.0,True,False
KXWCADVANCE-26JUL05MEXENG,UZB,0.001,0.0,0.001,0.0,False,False
KXWCADVANCE-26JUL05BRANOR,AR,0.173,0.186,0.17533333333333334,0.18366666666666664,False,False
KXWCADVANCE-26JUL05BRANOR,AT,0.001,0.0,0.0013333333333333333,0.0,False,False
KXWCADVANCE-26JUL05BRANOR,AU,0.001,0.0,0.001,0.0,False,False
KXWCADVANCE-26JUL05BRANOR,BE,0.01,0.012,0.010666666666666666,0.011666666666666667,False,False
KXWCADVANCE-26JUL05BRANOR,BIH,0.01,0.0,0.01,0.0,False,False
KXWCADVANCE-26JUL05BRANOR,BR,0.07,0.001,0.07,0.001,False,False
KXWCADVANCE-26JUL05BRANOR,CA,0.001,0.0,0.002,0.0,False,False
KXWCADVANCE-26JUL05BRANOR,CH,0.007,0.008,0.007333333333333333,0.008,False,False
KXWCADVANCE-26JUL05BRANOR,CIV,0.001,0.0,0.002,0.0,False,False
KXWCADVANCE-26JUL05BRANOR,CO,0.032,0.034,0.032,0.034333333333333334,False,False
KXWCADVANCE-26JUL05BRANOR,COD,0.01,0.0,0.01,0.0,False,False
KXWCADVANCE-26JUL05BRANOR,CPV,0.001,0.0,0.002,0.0,False,False
KXWCADVANCE-26JUL05BRANOR,CUW,,0.0,,0.0,True,False
KXWCADVANCE-26JUL05BRANOR,CZE,,0.0,,0.0,True,False
KXWCADVANCE-26JUL05BRANOR,DE,0.001,0.0,0.011333333333333334,0.0,False,False
KXWCADVANCE-26JUL05BRANOR,DZA,0.001,0.0,0.001,0.0,False,False
KXWCADVANCE-26JUL05BRANOR,EC,0.001,0.0,0.001,0.0,False,False
KXWCADVANCE-26JUL05BRANOR,EGY,0.003,0.004,0.0030000000000000005,0.004,False,False
KXWCADVANCE-26JUL05BRANOR,ES,0.127,0.116,0.12666666666666668,0.11866666666666666,False,False
KXWCADVANCE-26JUL05BRANOR,FR,0.354,0.344,0.3546666666666667,0.342,False,False
KXWCADVANCE-26JUL05BRANOR,GB,0.066,0.081,0.06566666666666666,0.08066666666666666,False,False
KXWCADVANCE-26JUL05BRANOR,GH,0.001,0.0,0.001,0.0,False,False
KXWCADVANCE-26JUL05BRANOR,HR,0.001,0.0,0.0016666666666666668,0.0,False,False
KXWCADVANCE-26JUL05BRANOR,HTI,,0.0,,0.0,True,False
KXWCADVANCE-26JUL05BRANOR,IR,0.001,0.0,0.001,0.0,False,False
KXWCADVANCE-26JUL05BRANOR,IRQ,,0.0,,0.0,True,False
KXWCADVANCE-26JUL05BRANOR,JOR,,0.0,,0.0,True,False
KXWCADVANCE-26JUL05BRANOR,JP,0.001,0.0,0.008333333333333333,0.0,False,False
KXWCADVANCE-26JUL05BRANOR,KR,0.001,0.0,0.001,0.0,False,False
KXWCADVANCE-26JUL05BRANOR,MA,0.026,0.029,0.027,0.02866666666666667,False,False
KXWCADVANCE-26JUL05BRANOR,MX,0.051,0.059,0.051,0.059666666666666666,False,False
KXWCADVANCE-26JUL05BRANOR,NL,0.001,0.0,0.019,0.0,False,False
KXWCADVANCE-26JUL05BRANOR,NO,0.014,0.055,0.015666666666666666,0.05533333333333334,False,False
KXWCADVANCE-26JUL05BRANOR,NZL,,0.0,,0.0,True,False
KXWCADVANCE-26JUL05BRANOR,PAN,,0.0,,0.0,True,False
KXWCADVANCE-26JUL05BRANOR,PT,0.065,0.065,0.06533333333333334,0.068,False,False
KXWCADVANCE-26JUL05BRANOR,PY,0.001,0.0,0.001,0.0,False,False
KXWCADVANCE-26JUL05BRANOR,QAT,,0.0,,0.0,True,False
KXWCADVANCE-26JUL05BRANOR,RSA,0.001,0.0,0.001,0.0,False,False
KXWCADVANCE-26JUL05BRANOR,SA,,0.0,,0.0,True,False
KXWCADVANCE-26JUL05BRANOR,SC,0.001,0.0,0.001,0.0,False,False
KXWCADVANCE-26JUL05BRANOR,SE,0.001,0.0,0.001,0.0,False,False
KXWCADVANCE-26JUL05BRANOR,SN,0.001,0.0,0.0030000000000000005,0.0,False,False
KXWCADVANCE-26JUL05BRANOR,TN,,0.0,,0.0,True,False
KXWCADVANCE-26JUL05BRANOR,TR,,0.0,,0.0,True,False
KXWCADVANCE-26JUL05BRANOR,US,0.035,0.038,0.03466666666666667,0.04,False,False
KXWCADVANCE-26JUL05BRANOR,UY,,0.0,,0.0,True,False
KXWCADVANCE-26JUL05BRANOR,UZB,0.001,0.0,0.001,0.0,False,False
KXWCADVANCE-26JUL06PORESP,AR,0.18,0.172,0.18133333333333335,0.17366666666666664,False,False
KXWCADVANCE-26JUL06PORESP,AT,0.001,0.0,0.0013333333333333333,0.0,False,False
KXWCADVANCE-26JUL06PORESP,AU,0.001,0.0,0.001,0.0,False,False
KXWCADVANCE-26JUL06PORESP,BE,0.012,0.014,0.011666666666666667,0.014,False,False
KXWCADVANCE-26JUL06PORESP,BIH,0.01,0.0,0.01,0.0,False,False
KXWCADVANCE-26JUL06PORESP,BR,0.001,0.0,0.023000000000000003,0.0,False,False
KXWCADVANCE-26JUL06PORESP,CA,0.001,0.0,0.002,0.0,False,False
KXWCADVANCE-26JUL06PORESP,CH,0.008,0.009,0.008,0.009,False,False
KXWCADVANCE-26JUL06PORESP,CIV,0.001,0.0,0.002,0.0,False,False
KXWCADVANCE-26JUL06PORESP,CO,0.033,0.035,0.033,0.035,False,False
KXWCADVANCE-26JUL06PORESP,COD,0.01,0.0,0.01,0.0,False,False
KXWCADVANCE-26JUL06PORESP,CPV,0.001,0.0,0.002,0.0,False,False
KXWCADVANCE-26JUL06PORESP,CUW,,0.0,,0.0,True,False
KXWCADVANCE-26JUL06PORESP,CZE,,0.0,,0.0,True,False
KXWCADVANCE-26JUL06PORESP,DE,0.001,0.0,0.011333333333333334,0.0,False,False
KXWCADVANCE-26JUL06PORESP,DZA,0.001,0.0,0.001,0.0,False,False
KXWCADVANCE-26JUL06PORESP,EC,0.001,0.0,0.001,0.0,False,False
KXWCADVANCE-26JUL06PORESP,EGY,0.004,0.004,0.004,0.004,False,False
KXWCADVANCE-26JUL06PORESP,ES,0.125,0.18,0.12466666666666666,0.18099999999999997,False,False
KXWCADVANCE-26JUL06PORESP,FR,0.342,0.33,0.34166666666666673,0.3313333333333333,False,False
KXWCADVANCE-26JUL06PORESP,GB,0.14,0.14,0.14066666666666666,0.14033333333333334,False,False
KXWCADVANCE-26JUL06PORESP,GH,0.001,0.0,0.001,0.0,False,False
KXWCADVANCE-26JUL06PORESP,HR,0.001,0.0,0.0016666666666666668,0.0,False,False
KXWCADVANCE-26JUL06PORESP,HTI,,0.0,,0.0,True,False
KXWCADVANCE-26JUL06PORESP,IR,0.001,0.0,0.001,0.0,False,False
KXWCADVANCE-26JUL06PORESP,IRQ,,0.0,,0.0,True,False
KXWCADVANCE-26JUL06PORESP,JOR,,0.0,,0.0,True,False
KXWCADVANCE-26JUL06PORESP,JP,0.001,0.0,0.008333333333333333,0.0,False,False
KXWCADVANCE-26JUL06PORESP,KR,0.001,0.0,0.001,0.0,False,False
KXWCADVANCE-26JUL06PORESP,MA,0.03,0.029,0.028333333333333332,0.028,False,False
KXWCADVANCE-26JUL06PORESP,MX,0.001,0.0,0.012333333333333333,0.0,False,False
KXWCADVANCE-26JUL06PORESP,NL,0.001,0.0,0.019,0.0,False,False
KXWCADVANCE-26JUL06PORESP,NO,0.052,0.052,0.051333333333333335,0.05333333333333334,False,False
KXWCADVANCE-26JUL06PORESP,NZL,,0.0,,0.0,True,False
KXWCADVANCE-26JUL06PORESP,PAN,,0.0,,0.0,True,False
KXWCADVANCE-26JUL06PORESP,PT,0.055,0.001,0.062,0.001,False,False
KXWCADVANCE-26JUL06PORESP,PY,0.001,0.0,0.001,0.0,False,False
KXWCADVANCE-26JUL06PORESP,QAT,,0.0,,0.0,True,False
KXWCADVANCE-26JUL06PORESP,RSA,0.001,0.0,0.001,0.0,False,False
KXWCADVANCE-26JUL06PORESP,SA,,0.0,,0.0,True,False
KXWCADVANCE-26JUL06PORESP,SC,0.001,0.0,0.001,0.0,False,False
KXWCADVANCE-26JUL06PORESP,SE,0.001,0.0,0.001,0.0,False,False
KXWCADVANCE-26JUL06PORESP,SN,0.001,0.0,0.0030000000000000005,0.0,False,False
KXWCADVANCE-26JUL06PORESP,TN,,0.0,,0.0,True,False
KXWCADVANCE-26JUL06PORESP,TR,,0.0,,0.0,True,False
KXWCADVANCE-26JUL06PORESP,US,0.039,0.037,0.03833333333333333,0.03566666666666667,False,False
KXWCADVANCE-26JUL06PORESP,UY,,0.0,,0.0,True,False
KXWCADVANCE-26JUL06PORESP,UZB,0.001,0.0,0.001,0.0,False,False
KXWCADVANCE-26JUL06USABEL,AR,0.182,0.18,0.18133333333333335,0.1805,False,False
KXWCADVANCE-26JUL06USABEL,AT,0.001,0.0,0.0013333333333333333,0.0,False,False
KXWCADVANCE-26JUL06USABEL,AU,0.001,0.0,0.001,0.0,False,False
KXWCADVANCE-26JUL06USABEL,BE,0.015,0.027,0.014666666666666666,0.0245,False,False
KXWCADVANCE-26JUL06USABEL,BIH,0.01,0.0,0.01,0.0,False,False
KXWCADVANCE-26JUL06USABEL,BR,0.001,0.0,0.023000000000000003,0.0,False,False
KXWCADVANCE-26JUL06USABEL,CA,0.001,0.0,0.002,0.0,False,False
KXWCADVANCE-26JUL06USABEL,CH,0.009,0.009,0.009,0.009,False,False
KXWCADVANCE-26JUL06USABEL,CIV,0.001,0.0,0.002,0.0,False,False
KXWCADVANCE-26JUL06USABEL,CO,0.035,0.032,0.035,0.0325,False,False
KXWCADVANCE-26JUL06USABEL,COD,0.01,0.0,0.01,0.0,False,False
KXWCADVANCE-26JUL06USABEL,CPV,0.001,0.0,0.002,0.0,False,False
KXWCADVANCE-26JUL06USABEL,CUW,,0.0,,0.0,True,False
KXWCADVANCE-26JUL06USABEL,CZE,,0.0,,0.0,True,False
KXWCADVANCE-26JUL06USABEL,DE,0.001,0.0,0.011333333333333334,0.0,False,False
KXWCADVANCE-26JUL06USABEL,DZA,0.001,0.0,0.001,0.0,False,False
KXWCADVANCE-26JUL06USABEL,EC,0.001,0.0,0.001,0.0,False,False
KXWCADVANCE-26JUL06USABEL,EGY,0.005,0.004,0.004333333333333334,0.004,False,False
KXWCADVANCE-26JUL06USABEL,ES,0.18,0.181,0.14666666666666667,0.186,False,False
KXWCADVANCE-26JUL06USABEL,FR,0.33,0.345,0.336,0.345,False,False
KXWCADVANCE-26JUL06USABEL,GB,0.14,0.142,0.141,0.146,False,False
KXWCADVANCE-26JUL06USABEL,GH,0.001,0.0,0.001,0.0,False,False
KXWCADVANCE-26JUL06USABEL,HR,0.001,0.0,0.0016666666666666668,0.0,False,False
KXWCADVANCE-26JUL06USABEL,HTI,,0.0,,0.0,True,False
KXWCADVANCE-26JUL06USABEL,IR,0.001,0.0,0.001,0.0,False,False
KXWCADVANCE-26JUL06USABEL,IRQ,,0.0,,0.0,True,False
KXWCADVANCE-26JUL06USABEL,JOR,,0.0,,0.0,True,False
KXWCADVANCE-26JUL06USABEL,JP,0.001,0.0,0.008333333333333333,0.0,False,False
KXWCADVANCE-26JUL06USABEL,KR,0.001,0.0,0.001,0.0,False,False
KXWCADVANCE-26JUL06USABEL,MA,0.028,0.03,0.029666666666666664,0.031,False,False
KXWCADVANCE-26JUL06USABEL,MX,0.001,0.0,0.012333333333333333,0.0,False,False
KXWCADVANCE-26JUL06USABEL,NL,0.001,0.0,0.019,0.0,False,False
KXWCADVANCE-26JUL06USABEL,NO,0.054,0.058,0.05333333333333334,0.058,False,False
KXWCADVANCE-26JUL06USABEL,NZL,,0.0,,0.0,True,False
KXWCADVANCE-26JUL06USABEL,PAN,,0.0,,0.0,True,False
KXWCADVANCE-26JUL06USABEL,PT,0.001,0.0,0.042,0.0,False,False
KXWCADVANCE-26JUL06USABEL,PY,0.001,0.0,0.001,0.0,False,False
KXWCADVANCE-26JUL06USABEL,QAT,,0.0,,0.0,True,False
KXWCADVANCE-26JUL06USABEL,RSA,0.001,0.0,0.001,0.0,False,False
KXWCADVANCE-26JUL06USABEL,SA,,0.0,,0.0,True,False
KXWCADVANCE-26JUL06USABEL,SC,0.001,0.0,0.001,0.0,False,False
KXWCADVANCE-26JUL06USABEL,SE,0.001,0.0,0.001,0.0,False,False
KXWCADVANCE-26JUL06USABEL,SN,0.001,0.0,0.0030000000000000005,0.0,False,False
KXWCADVANCE-26JUL06USABEL,TN,,0.0,,0.0,True,False
KXWCADVANCE-26JUL06USABEL,TR,,0.0,,0.0,True,False
KXWCADVANCE-26JUL06USABEL,US,0.039,0.001,0.03833333333333333,0.001,False,False
KXWCADVANCE-26JUL06USABEL,UY,,0.0,,0.0,True,False
KXWCADVANCE-26JUL06USABEL,UZB,0.001,0.0,0.001,0.0,False,False
